customer_grade,first_name,last_name,job_title,address,postcode,state,country,type
8th grade,Chickie,Brister,General Manager,45 Shopko Center,4500,Queensland,Australia,Target
8th grade,Morly,Genery,Structural Engineer,14 Mccormick Park,2113,New South Wales,Australia,Target
8th grade,Ardelis,Forrester,Senior Cost Accountant,5 Colorado Crossing,3505,Victoria,Australia,Target
8th grade,Lucine,Stutt,Account Representative III,207 Annamark Plaza,4814,Queensland,Australia,Target
8th grade,Melinda,Hadlee,Financial Analyst,115 Montana Place,2093,New South Wales,Australia,Target
8th grade,Druci,Brandli,Assistant Media Planner,89105 Pearson Terrace,4075,Queensland,Australia,Target
8th grade,Rutledge,Hallt,Compensation Analyst,7 Nevada Crossing,2620,New South Wales,Australia,Target
8th grade,Nancie,Vian,Human Resources Assistant II,85 Carioca Point,4814,Queensland,Australia,Target
8th grade,Duff,Karlowicz,Speech Pathologist,717 West Drive,2200,New South Wales,Australia,Target
8th grade,Barthel,Docket,Accounting Assistant IV,80 Scofield Junction,4151,Queensland,Australia,Target
8th grade,Rockwell,Matson,Programmer Analyst I,3682 Crowley Point,4573,Queensland,Australia,Target
8th grade,Wheeler,Winward,Environmental Specialist,3 Golden Leaf Point,3216,Victoria,Australia,Target
8th grade,Olag,,Human Resources Manager,0484 North Avenue,2032,New South Wales,Australia,Target
8th grade,Melba,Spellacy,VP Marketing,0591 Anzinger Circle,2232,New South Wales,Australia,Target
8th grade,Mandie,Feares,Clinical Specialist,39 Kedzie Pass,4053,Queensland,Australia,Target
8th grade,Dukie,Swire,,64 Granby Parkway,2500,New South Wales,Australia,Target
8th grade,Marcelia,Monkleigh,Associate Professor,610 Swallow Street,4051,Queensland,Australia,Target
8th grade,Winnifred,Beswetherick,Actuary,61 4th Street,3040,Victoria,Australia,Target
8th grade,Odilia,Quick,General Manager,1550 Russell Way,2222,New South Wales,Australia,Target
8th grade,Karly,Willavize,Internal Auditor,193 North Point,2190,New South Wales,Australia,Target
8th grade,Teddie,Burchill,Programmer I,321 Raven Plaza,2161,New South Wales,Australia,Target
8th grade,Gaston,Dallaghan,Financial Analyst,656 Fuller Street,2783,New South Wales,Australia,Target
8th grade,Otis,Ottey,Quality Engineer,1562 Merchant Street,4744,Queensland,Australia,Target
8th grade,Tabbatha,Averill,Quality Control Specialist,663 8th Parkway,2257,New South Wales,Australia,Target
8th grade,Brena,Schnitter,Account Executive,67 Shelley Street,4703,Queensland,Australia,Target
8th grade,Rourke,Gillbard,,75 Cordelia Trail,4817,Queensland,Australia,Target
8th grade,Dyane,Burwell,Engineer II,51 Hooker Court,2640,New South Wales,Australia,Target
8th grade,Claudine,Barstowk,Nurse,1859 Forest Circle,4000,Queensland,Australia,Target
8th grade,Blinnie,Roze,Librarian,44557 Rutledge Court,4171,Queensland,Australia,Target
8th grade,Rhona,De Freyne,,11184 East Drive,3056,Victoria,Australia,Target
8th grade,Sharron,Claibourn,,555 Hermina Avenue,2280,New South Wales,Australia,Target
8th grade,Brien,Heaton,Clinical Specialist,8 Novick Trail,2470,New South Wales,Australia,Target
8th grade,Sybilla,MacCart,Paralegal,74 Welch Pass,2620,New South Wales,Australia,Target
8th grade,Mikel,McNess,Nurse,3 Pleasure Drive,4122,Queensland,Australia,Target
8th grade,Maisie,Maddox,Assistant Manager,8 Dennis Point,3226,Victoria,Australia,Target
8th grade,Arleen,Casbolt,Senior Quality Engineer,41042 Lotheville Crossing,4817,Queensland,Australia,Target
8th grade,Farlie,Petford,Recruiting Manager,2330 Butternut Trail,2017,New South Wales,Australia,Target
8th grade,Mitchell,MacCague,,240 Acker Avenue,3190,Victoria,Australia,Target
8th grade,Garik,Whitwell,,04 Dexter Way,3280,Victoria,Australia,Target
8th grade,Antonin,Britt,,011 Northland Trail,2160,New South Wales,Australia,Target
8th grade,Vinny,Incogna,,8 Grayhawk Circle,2756,New South Wales,Australia,Target
8th grade,Colene,Fishleigh,Design Engineer,44 Darwin Lane,3149,Victoria,Australia,Target
8th grade,Neile,Argent,,2548 Arrowood Pass,2024,New South Wales,Australia,Target
8th grade,Corinna,Suggey,Design Engineer,938 Ilene Road,2761,New South Wales,Australia,Target
8th grade,Brooke,Arling,,6 Melby Center,3027,Victoria,Australia,Target
8th grade,Gipsy,Ewestace,Business Systems Development Analyst,08708 Moulton Park,2034,New South Wales,Australia,Target
8th grade,Sheena,Kybbye,Paralegal,306 Clemons Junction,4852,Queensland,Australia,Target
8th grade,Jobina,Gobourn,VP Quality Control,18 Grim Road,4305,Queensland,Australia,Target
8th grade,Gale,Disbrow,Cost Accountant,169 Bashford Drive,3741,Victoria,Australia,Target
8th grade,Thaxter,Kingsbury,Product Engineer,3 Vermont Lane,2067,New South Wales,Australia,Target
8th grade,Heinrick,Shilstone,,998 Gale Park,3174,Victoria,Australia,Target
8th grade,Taylor,Steuhlmeyer,Paralegal,64 Mcguire Trail,4017,Queensland,Australia,Target
8th grade,Griswold,Kelsall,Social Worker,74127 Blaine Point,3805,Victoria,Australia,Target
8th grade,Odessa,Mc Andrew,,31756 Meadow Valley Lane,2232,New South Wales,Australia,Target
8th grade,Lavena,Seekings,Payment Adjustment Coordinator,293 Mayfield Street,3166,Victoria,Australia,Target
8th grade,Martelle,Tuppeny,Marketing Assistant,261 Grayhawk Way,2226,New South Wales,Australia,Target
8th grade,Briant,Ladley,Recruiter,2 Schlimgen Terrace,2750,New South Wales,Australia,Target
8th grade,Marylou,Kirkup,VP Product Management,76733 Sunbrook Terrace,3196,Victoria,Australia,Target
8th grade,Whittaker,,Media Manager III,683 Florence Way,3156,Victoria,Australia,Target
8th grade,Normy,Goodinge,Associate Professor,7232 Fulton Parkway,3810,Victoria,Australia,Target
8th grade,Lorrie,Antonelli,Cost Accountant,06936 Bobwhite Circle,2257,New South Wales,Australia,Target
8th grade,Jedediah,Kedie,Developer I,283 Acker Drive,2763,New South Wales,Australia,Target
8th grade,Kaine,Smallcombe,Senior Financial Analyst,9 Mosinee Parkway,2072,New South Wales,Australia,Target
8th grade,Loise,Iltchev,Electrical Engineer,45 Becker Place,4504,Queensland,Australia,Target
8th grade,Cristen,Maroney,Accountant IV,27 Karstens Crossing,4214,Queensland,Australia,Target
8th grade,Dorothy,Barnardo,Human Resources Manager,9630 Cottonwood Avenue,2168,New South Wales,Australia,Target
8th grade,Rosmunda,Duxbarry,Executive Secretary,989 Graedel Terrace,4208,Queensland,Australia,Target
8th grade,Rozamond,Riha,Account Representative I,76 Bartelt Center,4078,Queensland,Australia,Target
8th grade,Gunner,Petti,Executive Secretary,29778 Mendota Drive,4036,Queensland,Australia,Target
8th grade,Vivienne,Crayden,Associate Professor,69 Algoma Center,4173,Queensland,Australia,Target
8th grade,Sherilyn,Canero,Dental Hygienist,8288 Lyons Way,2484,New South Wales,Australia,Target
8th grade,Bessie,Roscow,GIS Technical Architect,4185 Florence Trail,2121,New South Wales,Australia,Target
8th grade,Kevina,Ferandez,Assistant Professor,9608 Heffernan Drive,4068,Queensland,Australia,Target
8th grade,Yancy,Clementet,Mechanical Systems Engineer,9 Union Center,2147,New South Wales,Australia,Target
8th grade,Mabelle,Wellbelove,,800 Emmet Park,2219,New South Wales,Australia,Target
8th grade,Hasheem,Groucock,Budget/Accounting Analyst IV,12351 Spenser Pass,2034,New South Wales,Australia,Target
6th grade,Tobias,Woodhams,Research Nurse,4 Valley Edge Plaza,2759,New South Wales,Australia,Target
8th grade,Glennis,Flintoff,Speech Pathologist,1601 Rutledge Lane,3030,Victoria,Australia,Target
8th grade,Chanda,Mensler,Computer Systems Analyst IV,0 Mockingbird Plaza,2212,New South Wales,Australia,Target
8th grade,Katheryn,Kinner,Analyst Programmer,1665 Kenwood Center,2518,New South Wales,Australia,Target
8th grade,Sumner,Carrivick,Desktop Support Technician,5 4th Center,2097,New South Wales,Australia,Target
8th grade,Valerie,Pickover,Editor,92214 Spenser Road,2756,New South Wales,Australia,Target
8th grade,Esther,Rooson,,5186 Main Trail,2046,New South Wales,Australia,Target
8th grade,Gardie,Crellim,Biostatistician IV,564 Forest Dale Avenue,3161,Victoria,Australia,Target
8th grade,Sean,O'Loughlin,Database Administrator III,83 Old Gate Point,2576,New South Wales,Australia,Target
8th grade,Pietra,Buckleigh,Engineer III,387 Dixon Alley,2024,New South Wales,Australia,Target
8th grade,Marysa,Rouchy,Assistant Media Planner,411 Twin Pines Way,2026,New South Wales,Australia,Target
8th grade,Kahaleel,,GIS Technical Architect,12 Arapahoe Park,2035,New South Wales,Australia,Target
8th grade,Ossie,Midden,Physical Therapy Assistant,4915 Debra Center,2479,New South Wales,Australia,Target
8th grade,Sid,Carlone,Structural Engineer,76 Sunnyside Avenue,4670,Queensland,Australia,Target
8th grade,Ludovico,Juster,Environmental Specialist,1 Talisman Avenue,2125,New South Wales,Australia,Target
8th grade,Patricia,Everix,Director of Sales,91164 Washington Terrace,2263,New South Wales,Australia,Target
8th grade,Andromache,Bonafacino,,74 Carpenter Street,2015,New South Wales,Australia,Target
8th grade,Levy,Abramamov,Teacher,6776 Anderson Center,4037,Queensland,Australia,Target
8th grade,Nobe,McAughtry,,1 Orin Hill,4510,Queensland,Australia,Target
8th grade,Jehu,Prestedge,,88 Annamark Avenue,2138,New South Wales,Australia,Target
8th grade,Symon,Mawne,Human Resources Assistant IV,37439 High Crossing Circle,3350,Victoria,Australia,Target
8th grade,Karlik,Penchen,Nurse Practicioner,5 Nevada Point,4017,Queensland,Australia,Target
8th grade,Bengt,Bilson,Structural Engineer,67 Grayhawk Circle,2232,New South Wales,Australia,Target
8th grade,Evangelin,Boc,Structural Analysis Engineer,0 Meadow Ridge Street,3173,Victoria,Australia,Target
8th grade,Hanny,Treven,Associate Professor,5 Quincy Street,4118,Queensland,Australia,Target
8th grade,Gina,Mallon,Dental Hygienist,13025 Johnson Plaza,4670,Queensland,Australia,Target
8th grade,Reynold,Elman,Marketing Manager,966 Sunnyside Center,2390,New South Wales,Australia,Target
8th grade,Flossy,Concannon,Staff Accountant IV,802 Mallory Park,3919,Victoria,Australia,Target
8th grade,Cristen,Wiltshire,VP Sales,93 Judy Drive,3047,Victoria,Australia,Target
8th grade,Griffith,Escot,Accountant III,94 Manitowish Court,4116,Queensland,Australia,Target
8th grade,Jamie,Jiruca,Recruiting Manager,5013 Erie Crossing,2230,New South Wales,Australia,Target
8th grade,Lyon,Brittan,Sales Representative,540 Sachs Road,3153,Victoria,Australia,Target
8th grade,Aridatha,Sephton,Human Resources Assistant II,422 Forster Circle,2340,New South Wales,Australia,Target
6th grade,Michal,Bryan,,4275 Bluestem Pass,4000,Queensland,Australia,Target
8th grade,Franciska,Stigell,Food Chemist,6 Anderson Junction,3802,Victoria,Australia,Target
8th grade,Jordan,Clampe,Staff Scientist,276 Westend Road,4207,Queensland,Australia,Target
8th grade,David,Napoleon,Structural Engineer,69 Garrison Point,2223,New South Wales,Australia,Target
6th grade,Meriel,Tapp,VP Sales,65 Milwaukee Hill,3280,Victoria,Australia,Target
8th grade,Dolley,Starmont,Geologist IV,4252 Dovetail Pass,4129,Queensland,Australia,Target
8th grade,Frederik,Milan,,56 Riverside Street,2546,New South Wales,Australia,Target
8th grade,Rollo,Louedey,Information Systems Manager,7 Cascade Park,2089,New South Wales,Australia,Target
8th grade,Jerrine,Cosbey,Junior Executive,29307 Russell Avenue,3094,Victoria,Australia,Target
8th grade,Roddy,Rubinshtein,Nurse Practicioner,3 Mcguire Crossing,4510,Queensland,Australia,Target
6th grade,Viki,Coutts,Automation Specialist II,6 Golf View Alley,2287,New South Wales,Australia,Target
8th grade,Ashby,Bispham,Software Consultant,83716 Russell Lane,2145,New South Wales,Australia,Target
8th grade,Alexander,Broadbent,Desktop Support Technician,265 Stephen Trail,2209,New South Wales,Australia,Target
8th grade,Teddy,Lagadu,Design Engineer,2 Charing Cross Trail,2759,New South Wales,Australia,Target
8th grade,Peria,Rantoull,Financial Analyst,8350 Moulton Terrace,4500,Queensland,Australia,Target
8th grade,Ludvig,Andren,Media Manager III,578 Waywood Circle,4306,Queensland,Australia,Target
8th grade,Elsworth,Abbitt,,9722 Northport Way,3500,Victoria,Australia,Target
8th grade,Rebeca,Aggas,Social Worker,7026 Katie Lane,3818,Victoria,Australia,Target
8th grade,Ricki,Dobrowski,Civil Engineer,8 Eggendart Pass,2835,New South Wales,Australia,Target
8th grade,Georgetta,Lovett,Editor,1 Bluejay Place,4405,Queensland,Australia,Target
8th grade,Bambi,Cogger,Design Engineer,28970 Monument Lane,2560,New South Wales,Australia,Target
8th grade,Aurie,Rhead,Geological Engineer,235 Mendota Court,2650,New South Wales,Australia,Target
8th grade,Farris,Skettles,Payment Adjustment Coordinator,49309 Redwing Lane,3240,Victoria,Australia,Target
8th grade,Sharline,Abyss,,367 Bay Point,4011,Queensland,Australia,Target
8th grade,Nowell,Preddy,,932 Glendale Avenue,2173,New South Wales,Australia,Target
8th grade,Lacy,Drance,Graphic Designer,492 Waywood Lane,2750,New South Wales,Australia,Target
8th grade,Padraig,Snel,Staff Accountant II,12683 Mifflin Point,2114,New South Wales,Australia,Target
8th grade,Malorie,Votier,Graphic Designer,6160 Weeping Birch Hill,4509,Queensland,Australia,Target
8th grade,Shepperd,Ricards,Social Worker,7 Oakridge Lane,2284,New South Wales,Australia,Target
8th grade,Daryl,Pauncefort,Community Outreach Specialist,0 Dexter Parkway,2380,New South Wales,Australia,Target
8th grade,Norina,Blakeway,Programmer Analyst II,75813 Lawn Lane,3081,Victoria,Australia,Target
8th grade,My,Chaston,Desktop Support Technician,74613 Northport Park,3765,Victoria,Australia,Target
8th grade,Isak,Bergstram,Pharmacist,68 Karstens Pass,2176,New South Wales,Australia,Target
8th grade,Grannie,Cracker,VP Marketing,87254 Hermina Pass,4217,Queensland,Australia,Target
8th grade,Welby,Lourenco,Senior Cost Accountant,801 Atwood Alley,2138,New South Wales,Australia,Target
8th grade,Glenn,Casbourne,Senior Editor,2 Morrow Alley,4207,Queensland,Australia,Target
8th grade,Nadiya,Balasini,Sales Associate,92934 Mallory Trail,2164,New South Wales,Australia,Target
8th grade,Tyne,Coate,Developer II,90820 Thackeray Street,2218,New South Wales,Australia,Target
8th grade,Christie,Anders,VP Marketing,48 Ludington Plaza,2153,New South Wales,Australia,Target
8th grade,Agnella,Capener,Teacher,49185 Derek Circle,3977,Victoria,Australia,Target
8th grade,Bernardine,Delmonti,,0721 Meadow Ridge Pass,2540,New South Wales,Australia,Target
8th grade,Daisy,Spowart,Staff Accountant I,115 Westridge Road,4570,Queensland,Australia,Target
8th grade,Denys,Minshall,Environmental Tech,7 Myrtle Lane,2324,New South Wales,Australia,Target
8th grade,Archibald,Blessed,VP Sales,7795 Memorial Drive,2016,New South Wales,Australia,Target
8th grade,Feodor,Englishby,Account Coordinator,24695 Boyd Road,3201,Victoria,Australia,Target
8th grade,Skippie,Yearsley,Compensation Analyst,95306 John Wall Avenue,4350,Queensland,Australia,Target
8th grade,Bill,,Human Resources Assistant II,6704 Pine View Lane,2170,New South Wales,Australia,Target
8th grade,Tessa,Friese,Health Coach II,98158 Alpine Point,4212,Queensland,Australia,Target
8th grade,Roseanne,Caruth,Programmer Analyst III,33652 Lyons Alley,2763,New South Wales,Australia,Target
8th grade,Tedra,Goodbanne,Senior Quality Engineer,8 Debs Road,3934,Victoria,Australia,Target
8th grade,Roberto,Harme,Environmental Tech,101 Starling Pass,2564,New South Wales,Australia,Target
8th grade,Nichole,Leisman,Geologist III,35151 Bunker Hill Crossing,2068,New South Wales,Australia,Target
8th grade,Amil,Ennor,Health Coach II,2093 Amoth Pass,3109,Victoria,Australia,Target
8th grade,Shawna,Hinrichsen,Assistant Professor,57343 Eagan Avenue,2326,New South Wales,Australia,Target
8th grade,Fonsie,Levane,Account Representative III,83 Armistice Terrace,4011,Queensland,Australia,Target
8th grade,Emilie,Brody,Director of Sales,5388 Burrows Alley,2073,New South Wales,Australia,Target
8th grade,Robert,Corkill,Clinical Specialist,5612 Toban Point,2227,New South Wales,Australia,Target
8th grade,Elvira,Kurten,Assistant Professor,65 Ridge Oak Court,2471,New South Wales,Australia,Target
8th grade,Juliana,Mitchenson,Environmental Tech,74 Russell Terrace,4350,Queensland,Australia,Target
8th grade,Regine,Bownes,Senior Developer,255 Loeprich Lane,3752,Victoria,Australia,Target
8th grade,Abner,Fraschetti,Staff Scientist,67 Northport Avenue,3805,Victoria,Australia,Target
8th grade,Alvira,Coulman,Account Representative II,823 Wayridge Trail,2205,New South Wales,Australia,Target
8th grade,Sawyer,Sponton,Help Desk Technician,5 Golf Terrace,2126,New South Wales,Australia,Target
8th grade,Feodor,Vickers,VP Quality Control,40809 Truax Way,2209,New South Wales,Australia,Target
8th grade,Paten,Cayet,Assistant Manager,1398 Burning Wood Way,3850,Victoria,Australia,Target
8th grade,Loria,Tappington,Research Assistant IV,3920 Swallow Junction,3038,Victoria,Australia,Target
8th grade,Tanya,Kiefer,Speech Pathologist,4 Warner Park,2146,New South Wales,Australia,Target
8th grade,Devonne,Alderwick,Research Associate,534 Lien Lane,3122,Victoria,Australia,Target
8th grade,Omero,McDonand,Software Consultant,48 Shoshone Park,2066,New South Wales,Australia,Target
8th grade,Iain,Haversham,Sales Representative,170 Briar Crest Place,2120,New South Wales,Australia,Target
8th grade,Keriann,Newham,Assistant Manager,0193 Northland Street,4179,Queensland,Australia,Target
8th grade,Conroy,Rappaport,Assistant Manager,5219 Pearson Drive,2148,New South Wales,Australia,Target
8th grade,Dorian,Rustman,Junior Executive,6156 Summit Center,4352,Queensland,Australia,Target
8th grade,Quillan,Guinane,Community Outreach Specialist,803 Badeau Point,2177,New South Wales,Australia,Target
8th grade,Harlin,Mazin,Computer Systems Analyst I,735 Westridge Road,2454,New South Wales,Australia,Target
8th grade,Eustacia,Dornan,Account Representative IV,1190 Hanson Street,3806,Victoria,Australia,Target
8th grade,Maury,Galego,Social Worker,370 Division Junction,3032,Victoria,Australia,Target
8th grade,Reggie,Kernar,Senior Editor,90 Northport Hill,2228,New South Wales,Australia,Target
8th grade,Brigitte,Whellams,Payment Adjustment Coordinator,77785 Veith Lane,2766,New South Wales,Australia,Target
8th grade,Kinna,Kollasch,Safety Technician I,232 Knutson Park,4060,Queensland,Australia,Target
8th grade,Maurizio,Comi,VP Product Management,25805 Eagan Place,2766,New South Wales,Australia,Target
8th grade,Elbertina,Fendley,Physical Therapy Assistant,743 Debra Court,2117,New South Wales,Australia,Target
8th grade,Franklin,Wohler,Clinical Specialist,6966 Delladonna Street,2250,New South Wales,Australia,Target
8th grade,Allyson,Petchell,Human Resources Manager,98221 Pennsylvania Place,2170,New South Wales,Australia,Target
8th grade,Ermentrude,Heindle,GIS Technical Architect,307 Knutson Center,2226,New South Wales,Australia,Target
8th grade,Alanna,Lerway,Dental Hygienist,593 Alpine Drive,3195,Victoria,Australia,Target
8th grade,Vincent,Jopke,Analog Circuit Design manager,45788 Stang Plaza,3687,Victoria,Australia,Target
8th grade,Mandie,Jeffryes,Business Systems Development Analyst,96515 Di Loreto Pass,4109,Queensland,Australia,Target
8th grade,Collete,Dory,Information Systems Manager,8625 Dakota Plaza,2210,New South Wales,Australia,Target
8th grade,Leonid,Dorricott,Environmental Tech,02 Hoffman Road,2448,New South Wales,Australia,Target
8th grade,Charlena,Berney,Geological Engineer,496 Logan Center,4207,Queensland,Australia,Target
8th grade,Alfonso,Massel,,6065 Talisman Crossing,3977,Victoria,Australia,Target
8th grade,Engracia,Dobbs,,72 Eliot Place,2250,New South Wales,Australia,Target
8th grade,Glyn,,General Manager,67 Bluejay Plaza,2300,New South Wales,Australia,Target
8th grade,Rosemonde,Cartwight,Analyst Programmer,518 Paget Hill,4605,Queensland,Australia,Target
8th grade,Alano,Satchel,Recruiting Manager,87107 Shelley Crossing,2429,New South Wales,Australia,Target
8th grade,Corrine,Baribal,Senior Sales Associate,3 Mallory Circle,2170,New South Wales,Australia,Target
8th grade,Benoit,Harniman,Research Assistant II,1582 Bashford Drive,4018,Queensland,Australia,Target
8th grade,Jeanne,Darte,,3 Homewood Park,2756,New South Wales,Australia,Target
8th grade,Jenelle,Fearnill,Social Worker,06 Old Gate Park,2144,New South Wales,Australia,Target
8th grade,Tannie,Gambrell,Financial Analyst,49 Surrey Point,4710,Queensland,Australia,Target
8th grade,Mick,Macewan,Senior Cost Accountant,59254 Northland Alley,2032,New South Wales,Australia,Target
8th grade,Abbie,Oldman,,4 North Drive,2168,New South Wales,Australia,Target
8th grade,Tabbie,Curner,Chief Design Engineer,89 Parkside Street,3021,Victoria,Australia,Target
8th grade,Shane,Killen,Account Executive,7 Hazelcrest Place,2165,New South Wales,Australia,Target
8th grade,Roberta,Goodale,Information Systems Manager,013 David Junction,4211,Queensland,Australia,Target
8th grade,Kippy,Barabisch,Legal Assistant,840 Graceland Street,2125,New South Wales,Australia,Target
8th grade,Rosalinde,Cubuzzi,Business Systems Development Analyst,6 Lotheville Trail,2444,New South Wales,Australia,Target
8th grade,Cami,Barnbrook,Occupational Therapist,890 Truax Lane,4285,Queensland,Australia,Target
8th grade,Dorian,Stollen,Statistician I,72922 Cambridge Terrace,2026,New South Wales,Australia,Target
8th grade,Hunfredo,Hayball,,60461 Esch Avenue,2227,New South Wales,Australia,Target
8th grade,Giorgi,O'Shirine,Payment Adjustment Coordinator,6 Novick Alley,3934,Victoria,Australia,Target
8th grade,Kort,Disley,Technical Writer,76 Donald Trail,2160,New South Wales,Australia,Target
8th grade,Gretna,Thredder,,1607 Westridge Drive,2203,New South Wales,Australia,Target
8th grade,Tobiah,Heinsius,Chief Design Engineer,3630 Dawn Crossing,2446,New South Wales,Australia,Target
8th grade,Wallace,Newart,,29007 Dapin Street,4650,Queensland,Australia,Target
6th grade,Hersh,Stubbert,Technical Writer,68 Fairfield Street,4115,Queensland,Australia,Target
8th grade,Hatti,Carletti,Legal Assistant,6 Iowa Center,2519,New South Wales,Australia,Target
8th grade,Wyn,Saynor,Cost Accountant,5 Briar Crest Road,2099,New South Wales,Australia,Target
8th grade,Maribeth,Stivani,Associate Professor,945 Bobwhite Court,2430,New South Wales,Australia,Target
8th grade,Abigale,Sives,VP Marketing,2 Glendale Center,4207,Queensland,Australia,Target
8th grade,Gothart,Artus,Health Coach IV,21824 Northridge Alley,2117,New South Wales,Australia,Target
8th grade,Danny,Bodle,Statistician I,68 Anthes Park,2007,New South Wales,Australia,Target
8th grade,Vittorio,Boxen,Mechanical Systems Engineer,3 Anthes Court,2148,New South Wales,Australia,Target
8th grade,Deborah,Petrovsky,Teacher,036 Redwing Street,2011,New South Wales,Australia,Target
8th grade,Agace,Hedge,Media Manager II,92 Petterle Place,3429,Victoria,Australia,Target
8th grade,Rolland,Esmead,,72008 7th Avenue,2200,New South Wales,Australia,Target
8th grade,Latrena,Walklate,Mechanical Systems Engineer,87 Sheridan Junction,2281,New South Wales,Australia,Target
8th grade,Mariquilla,Springthorpe,Director of Sales,811 Melrose Park,2224,New South Wales,Australia,Target
8th grade,Leticia,Danovich,Design Engineer,2 Logan Avenue,4307,Queensland,Australia,Target
8th grade,Harman,Lynds,Professor,538 Gina Way,4105,Queensland,Australia,Target
8th grade,Farra,Matyushkin,VP Quality Control,52761 Portage Crossing,3170,Victoria,Australia,Target
8th grade,Robenia,Monks,Nurse Practicioner,8 Fieldstone Street,4065,Queensland,Australia,Target
8th grade,Roman,Eastwood,Associate Professor,8957 Anhalt Alley,3004,Victoria,Australia,Target
8th grade,Solomon,Bruck,Junior Executive,5 High Crossing Junction,4556,Queensland,Australia,Target
6th grade,Krystyna,Airey,Safety Technician II,75760 Toban Junction,4006,Queensland,Australia,Target
8th grade,Katharine,Redbourn,Recruiter,178 Waxwing Trail,3134,Victoria,Australia,Target
8th grade,Cammy,Stoneham,Business Systems Development Analyst,8648 Green Alley,4680,Queensland,Australia,Target
8th grade,Ellsworth,Andrieux,Senior Cost Accountant,08912 Carberry Place,4036,Queensland,Australia,Target
8th grade,Federico,Leuty,Product Engineer,720 Menomonie Crossing,2380,New South Wales,Australia,Target
8th grade,Ferdy,Hornung,Analog Circuit Design manager,0686 Hallows Trail,4506,Queensland,Australia,Target
8th grade,Sunny,Christescu,Cost Accountant,6668 Blue Bill Park Plaza,2209,New South Wales,Australia,Target
8th grade,Shadow,Yakutin,Software Test Engineer IV,06 Dwight Park,4119,Queensland,Australia,Target
8th grade,Sharai,Priddie,Sales Representative,5202 Crowley Place,2145,New South Wales,Australia,Target
8th grade,Celeste,Fretson,Product Engineer,14709 Portage Avenue,2166,New South Wales,Australia,Target
8th grade,Lea,Ilyinski,Structural Analysis Engineer,895 Glendale Park,2026,New South Wales,Australia,Target
8th grade,Dyann,Olechnowicz,Nuclear Power Engineer,0474 Bowman Hill,3031,Victoria,Australia,Target
8th grade,Delly,Sunman,Account Coordinator,652 Fuller Terrace,3206,Victoria,Australia,Target
8th grade,Malvin,Ryhorovich,Quality Control Specialist,5356 Sugar Plaza,4818,Queensland,Australia,Target
8th grade,Tanya,Hamberston,Product Engineer,7 Schiller Point,4113,Queensland,Australia,Target
8th grade,Kaela,Romaines,Geological Engineer,9193 Prairieview Drive,2155,New South Wales,Australia,Target
8th grade,Evonne,Bembridge,Recruiting Manager,13272 Basil Avenue,3103,Victoria,Australia,Target
8th grade,Shannen,Lewin,Analog Circuit Design manager,29 Aberg Crossing,4210,Queensland,Australia,Target
8th grade,Bogey,Attew,Software Engineer II,4 Monterey Road,4165,Queensland,Australia,Target
8th grade,Zondra,Ringham,Cost Accountant,416 Lighthouse Bay Lane,4510,Queensland,Australia,Target
8th grade,Barnebas,Apfel,Account Executive,05475 Elgar Place,4000,Queensland,Australia,Target
8th grade,Alleen,Eaken,,343 Lakewood Center,2089,New South Wales,Australia,Target
8th grade,Gerri,Schimann,Desktop Support Technician,47 Kim Terrace,2566,New South Wales,Australia,Target
8th grade,Antonietta,Egle,Actuary,590 Hagan Parkway,3805,Victoria,Australia,Target
8th grade,Raff,Waycott,Engineer IV,94694 Eagle Crest Terrace,3977,Victoria,Australia,Target
8th grade,Lark,Gonet,Database Administrator II,261 Orin Center,2763,New South Wales,Australia,Target
8th grade,Cletis,Longley,Chemical Engineer,667 Waxwing Plaza,3199,Victoria,Australia,Target
8th grade,Bartram,Di Lucia,,83509 Delaware Street,2480,New South Wales,Australia,Target
8th grade,Theresa,Cowper,Accountant III,88 Mifflin Pass,2529,New South Wales,Australia,Target
8th grade,Philbert,Raraty,Executive Secretary,10 Dexter Park,2177,New South Wales,Australia,Target
8th grade,Egon,Ortells,Structural Engineer,3 Sundown Hill,2168,New South Wales,Australia,Target
8th grade,Dahlia,Shovlar,Environmental Specialist,655 Glendale Trail,3976,Victoria,Australia,Target
8th grade,Timi,Duny,Office Assistant II,39192 Glendale Alley,2092,New South Wales,Australia,Target
8th grade,Dominick,Asher,Research Associate,7307 Lake View Crossing,3804,Victoria,Australia,Target
8th grade,Raye,Roo,Database Administrator I,1199 Express Plaza,3046,Victoria,Australia,Target
8th grade,Becka,Hacon,General Manager,1 Namekagon Point,3791,Victoria,Australia,Target
8th grade,Cirillo,Frossell,Graphic Designer,602 Meadow Vale Lane,2111,New South Wales,Australia,Target
8th grade,Verla,Dumingos,Design Engineer,6784 Spohn Alley,3021,Victoria,Australia,Target
8th grade,Sherrie,Godleman,Associate Professor,67 Shelley Crossing,3350,Victoria,Australia,Target
8th grade,Dexter,Shutle,Quality Control Specialist,07 Dayton Court,4005,Queensland,Australia,Target
8th grade,Konstanze,Hovie,Pharmacist,351 Sunfield Lane,4370,Queensland,Australia,Target
6th grade,Bink,Bentje,Payment Adjustment Coordinator,8427 Moulton Place,2680,New South Wales,Australia,Target
8th grade,Taber,Szymon,Senior Sales Associate,984 Del Sol Junction,4659,Queensland,Australia,Target
8th grade,Debbi,Dannatt,Technical Writer,3 Pepper Wood Hill,4218,Queensland,Australia,Target
8th grade,Giana,Staresmeare,Account Representative IV,8737 Scoville Center,2770,New South Wales,Australia,Target
8th grade,Morton,Petkens,Account Coordinator,385 Montana Place,3012,Victoria,Australia,Target
8th grade,Vittoria,Whitney,Research Assistant I,3 Surrey Court,2019,New South Wales,Australia,Target
8th grade,Paquito,Atwood,Nuclear Power Engineer,2 Magdeline Street,3199,Victoria,Australia,Target
8th grade,Dimitri,Tribbeck,Chief Design Engineer,93235 Hoard Trail,3165,Victoria,Australia,Target
8th grade,Shelli,Bartholomaus,Associate Professor,356 Carberry Avenue,3082,Victoria,Australia,Target
8th grade,Kermit,Lebond,Financial Advisor,71 Ludington Center,4208,Queensland,Australia,Target
8th grade,Biddie,Gorce,Senior Financial Analyst,2116 Continental Terrace,2795,New South Wales,Australia,Target
8th grade,Rupert,Marrow,,2 7th Way,2760,New South Wales,Australia,Target
8th grade,Geoff,Sitford,Account Executive,7 Elgar Road,2148,New South Wales,Australia,Target
8th grade,Ange,Chitham,,00003 Hoffman Pass,2560,New South Wales,Australia,Target
8th grade,Tiphanie,Blackader,Physical Therapy Assistant,71 Stone Corner Avenue,2007,New South Wales,Australia,Target
8th grade,Zollie,Crinidge,Systems Administrator I,0 Esker Avenue,4019,Queensland,Australia,Target
8th grade,Daisy,Pollen,Cost Accountant,61825 Debs Terrace,3167,Victoria,Australia,Target
8th grade,Emelen,Bidnall,Systems Administrator IV,11 Oak Terrace,2026,New South Wales,Australia,Target
8th grade,Linette,Boman,Account Executive,7 Michigan Hill,2076,New South Wales,Australia,Target
8th grade,Manya,Abramovici,Quality Engineer,8 Randy Park,4214,Queensland,Australia,Target
8th grade,Brynna,Tivers,Recruiting Manager,0 Mayfield Parkway,4272,Queensland,Australia,Target
6th grade,Art,Carolan,Marketing Manager,57903 Hanson Parkway,2570,New South Wales,Australia,Target
8th grade,Alfi,Sabbins,,763 Ridgeway Place,2344,New South Wales,Australia,Target
8th grade,Loleta,Aberdalgy,Occupational Therapist,99 Westend Court,2287,New South Wales,Australia,Target
8th grade,Aldric,Birney,,5 Caliangt Center,2546,New South Wales,Australia,Target
8th grade,Natividad,Balducci,,4472 Washington Junction,3206,Victoria,Australia,Target
8th grade,Claudine,Dymick,Design Engineer,31675 Corry Way,3977,Victoria,Australia,Target
8th grade,Seamus,Cains,Teacher,4882 Dakota Center,2305,New South Wales,Australia,Target
8th grade,Guss,Karim,Senior Sales Associate,4 Warner Circle,2227,New South Wales,Australia,Target
8th grade,Julietta,Setchfield,Operator,4 Manufacturers Crossing,4170,Queensland,Australia,Target
8th grade,Roch,Symson,Office Assistant I,016 Westport Park,3073,Victoria,Australia,Target
6th grade,Audry,Fann,Pharmacist,19 Debs Parkway,3029,Victoria,Australia,Target
8th grade,Cecelia,Cisar,,665 Sachs Way,4212,Queensland,Australia,Target
8th grade,Clari,Voas,Human Resources Assistant II,4110 Mifflin Center,2127,New South Wales,Australia,Target
8th grade,Zach,Hedman,Analyst Programmer,62 Spaight Center,2566,New South Wales,Australia,Target
8th grade,Paxon,Roomes,Information Systems Manager,3 Express Lane,3021,Victoria,Australia,Target
8th grade,Parnell,Lamprey,Engineer III,7353 Mallard Junction,2165,New South Wales,Australia,Target
6th grade,Honey,Gosdin,Software Engineer I,066 Warner Trail,2582,New South Wales,Australia,Target
8th grade,Sonny,McCart,Account Representative I,52752 Barby Hill,3020,Victoria,Australia,Target
8th grade,Rozamond,Turtle,Legal Assistant,57025 New Castle Street,3850,Victoria,Australia,Target
8th grade,Deirdre,Burgoine,Programmer III,0 Stoughton Park,3000,Victoria,Australia,Target
8th grade,Haleigh,,Senior Sales Associate,49 Jana Point,4503,Queensland,Australia,Target
8th grade,Aldridge,Poskitt,VP Sales,7 Fordem Point,4161,Queensland,Australia,Target
8th grade,Zechariah,McReidy,Technical Writer,797 Westend Street,4207,Queensland,Australia,Target
8th grade,Carry,Costi,Senior Developer,5316 Farwell Hill,2800,New South Wales,Australia,Target
8th grade,Alon,,Accountant IV,770 Crest Line Parkway,4218,Queensland,Australia,Target
8th grade,Ahmed,Pickthorne,Marketing Manager,50 American Street,2147,New South Wales,Australia,Target
8th grade,Nil,Shirer,Librarian,4793 Mcbride Pass,3013,Victoria,Australia,Target
8th grade,Erhard,O'Moylane,Media Manager I,01124 Dottie Lane,3630,Victoria,Australia,Target
8th grade,Vitia,Axtens,Financial Advisor,42681 Carey Alley,2011,New South Wales,Australia,Target
8th grade,Haskell,Moxted,Civil Engineer,2941 Talisman Alley,2145,New South Wales,Australia,Target
8th grade,Ebony,Conrad,Environmental Tech,990 Hoffman Avenue,3029,Victoria,Australia,Target
8th grade,Lincoln,Boler,Chief Design Engineer,5 Summer Ridge Court,3207,Victoria,Australia,Target
8th grade,Vladimir,Westmerland,,102 Charing Cross Terrace,2640,New South Wales,Australia,Target
8th grade,Kylynn,Drowsfield,Editor,5 Trailsway Avenue,3059,Victoria,Australia,Target
8th grade,Nicole,Ruckhard,Human Resources Manager,23694 Leroy Place,4560,Queensland,Australia,Target
8th grade,Celestina,Lethardy,Software Consultant,53 Memorial Street,3163,Victoria,Australia,Target
8th grade,Tannie,Petrakov,Data Coordiator,691 Valley Edge Alley,4078,Queensland,Australia,Target
8th grade,Bessy,Saladin,VP Marketing,60073 Pankratz Pass,4075,Queensland,Australia,Target
8th grade,Diego,Van den Broek,Business Systems Development Analyst,8 Schlimgen Drive,4055,Queensland,Australia,Target
8th grade,Lucilia,Minshall,,0237 Mallard Place,2750,New South Wales,Australia,Target
8th grade,Cissiee,Pollington,Associate Professor,69710 Northfield Center,2256,New South Wales,Australia,Target
8th grade,Eddy,Sturch,Software Consultant,1 Kinsman Crossing,4158,Queensland,Australia,Target
8th grade,Caron,Kezar,Social Worker,40553 Rigney Avenue,2835,New South Wales,Australia,Target
8th grade,Sandor,Stirland,Web Developer IV,48578 Farmco Park,3235,Victoria,Australia,Target
8th grade,Gallagher,Bromell,Assistant Manager,91634 Badeau Crossing,4556,Queensland,Australia,Target
8th grade,Murial,Bulloch,,391 Old Shore Lane,2011,New South Wales,Australia,Target
8th grade,Delinda,Ech,Environmental Specialist,28 Golf View Terrace,3101,Victoria,Australia,Target
8th grade,Hussein,Tapenden,Pharmacist,0197 Sachs Avenue,2747,New South Wales,Australia,Target
8th grade,Giulietta,Garbott,Technical Writer,48297 Stuart Circle,3810,Victoria,Australia,Target
8th grade,Kaylyn,Jakaway,Registered Nurse,67 Heath Circle,2290,New South Wales,Australia,Target
8th grade,Brynn,Goodyear,Human Resources Manager,3 Sheridan Lane,3075,Victoria,Australia,Target
8th grade,Otis,,Electrical Engineer,04 Oakridge Plaza,2075,New South Wales,Australia,Target
8th grade,Tamas,Swatman,Assistant Media Planner,78 Clarendon Drive,4551,Queensland,Australia,Target
8th grade,Pace,Clemonts,Media Manager IV,335 Cambridge Hill,3122,Victoria,Australia,Target
8th grade,Tracy,Andrejevic,Programmer II,5675 Burning Wood Trail,3030,Victoria,Australia,Target
8th grade,Muffin,Grigolon,Senior Editor,4597 Marcy Point,2232,New South Wales,Australia,Target
8th grade,Allsun,Biner,Nurse Practicioner,9 Walton Way,2641,New South Wales,Australia,Target
8th grade,Kenneth,Elleyne,Technical Writer,27429 Dottie Plaza,3145,Victoria,Australia,Target
8th grade,Clotilda,Southers,Computer Systems Analyst II,42 Donald Hill,2323,New South Wales,Australia,Target
8th grade,Augustus,Bourley,,3 Hoepker Parkway,4152,Queensland,Australia,Target
8th grade,Daisi,Tinwell,Business Systems Development Analyst,19561 Express Street,2777,New South Wales,Australia,Target
8th grade,Gerik,Woodroof,Paralegal,41 Kropf Road,3175,Victoria,Australia,Target
8th grade,Claresta,MacConnulty,Recruiting Manager,0516 Fremont Point,2026,New South Wales,Australia,Target
8th grade,Arty,Fontelles,Help Desk Technician,7872 South Junction,3197,Victoria,Australia,Target
8th grade,Giulia,Hazart,Help Desk Technician,81 Donald Parkway,4218,Queensland,Australia,Target
8th grade,Whit,Emloch,Food Chemist,105 Carpenter Court,2220,New South Wales,Australia,Target
8th grade,Rowan,Summerly,Librarian,58231 Tomscot Plaza,2209,New South Wales,Australia,Target
8th grade,Ian,Rabat,Web Designer I,3 Loeprich Point,3204,Victoria,Australia,Target
8th grade,Agneta,McAmish,Structural Analysis Engineer,5773 Acker Way,4207,Queensland,Australia,Target
8th grade,Reginald,Jermy,Director of Sales,540 Katie Street,4128,Queensland,Australia,Target
8th grade,Link,Gorini,,9495 Jenna Way,4600,Queensland,Australia,Target
8th grade,Harriet,Brattan,Human Resources Assistant I,66 Ruskin Parkway,3579,Victoria,Australia,Target
8th grade,Sada,Branton,Nuclear Power Engineer,9736 Mitchell Pass,3199,Victoria,Australia,Target
8th grade,Jenelle,Mc-Kerley,Data Coordiator,9 Springview Terrace,4068,Queensland,Australia,Target
8th grade,Gabrila,Toopin,Junior Executive,1914 Oakridge Place,2456,New South Wales,Australia,Target
8th grade,Almira,Mangion,VP Product Management,179 Anzinger Center,2230,New South Wales,Australia,Target
8th grade,Arty,Strudwick,Data Coordiator,62 Melrose Court,2211,New South Wales,Australia,Target
8th grade,Alexa,Dillet,Product Engineer,84650 Novick Point,2261,New South Wales,Australia,Target
8th grade,Palmer,Heaven,Staff Scientist,5 Hoard Parkway,3754,Victoria,Australia,Target
8th grade,Porter,Buckenhill,Help Desk Operator,376 Talmadge Street,4124,Queensland,Australia,Target
8th grade,Kizzee,Kemston,,5979 Green Ridge Way,2767,New South Wales,Australia,Target
8th grade,Isadora,Ducker,Account Executive,2972 Holy Cross Crossing,3153,Victoria,Australia,Target
8th grade,Giffie,Offill,Structural Engineer,89 Riverside Court,4740,Queensland,Australia,Target
8th grade,Fara,Sarath,Quality Control Specialist,540 Forest Run Plaza,2168,New South Wales,Australia,Target
8th grade,Carolann,Raatz,Chief Design Engineer,817 Bunker Hill Place,3977,Victoria,Australia,Target
8th grade,Tamar,Windmill,Senior Editor,4669 Troy Place,2207,New South Wales,Australia,Target
8th grade,Kipp,Stockport,Data Coordiator,02 Roth Drive,2022,New South Wales,Australia,Target
8th grade,Packston,Wackett,Quality Engineer,7 Northridge Court,3192,Victoria,Australia,Target
8th grade,Hanson,Eastes,,5735 Starling Plaza,3056,Victoria,Australia,Target
8th grade,Demetria,Bausor,Assistant Media Planner,97 Transport Plaza,2097,New South Wales,Australia,Target
8th grade,Lura,Fawdrie,VP Sales,67183 Anniversary Parkway,4211,Queensland,Australia,Target
8th grade,Nora,Anselm,,2 Emmet Parkway,4342,Queensland,Australia,Target
8th grade,Estevan,Eastment,Environmental Specialist,61926 Tomscot Hill,2019,New South Wales,Australia,Target
8th grade,Aloysius,Glowacz,Financial Advisor,07 Susan Lane,2232,New South Wales,Australia,Target
8th grade,Bastien,Ibbeson,Software Consultant,43094 Kedzie Pass,2487,New South Wales,Australia,Target
8th grade,Otha,Langworthy,Senior Financial Analyst,678 Lyons Trail,3130,Victoria,Australia,Target
8th grade,Gannie,Bargh,Analyst Programmer,1832 Burning Wood Place,3201,Victoria,Australia,Target
8th grade,Dwayne,Doel,Cost Accountant,5642 Debs Terrace,2223,New South Wales,Australia,Target
8th grade,Leese,Huckleby,Help Desk Operator,73 Riverside Trail,3777,Victoria,Australia,Target
8th grade,Dodi,Kiggel,,05 Everett Trail,2114,New South Wales,Australia,Target
8th grade,Kippar,Brimilcome,Graphic Designer,082 Welch Lane,2089,New South Wales,Australia,Target
8th grade,Corinna,Beretta,Programmer III,72 Mccormick Circle,3023,Victoria,Australia,Target
8th grade,Laurie,Odlin,Social Worker,15669 Arizona Trail,3194,Victoria,Australia,Target
8th grade,Mair,Erett,Speech Pathologist,79 Armistice Parkway,2117,New South Wales,Australia,Target
8th grade,Marcelia,Copins,,330 Melby Terrace,2259,New South Wales,Australia,Target
8th grade,Tanner,Terlinden,Nuclear Power Engineer,2637 Monument Trail,3106,Victoria,Australia,Target
8th grade,Hilliard,Dullard,Civil Engineer,37919 Old Gate Park,2163,New South Wales,Australia,Target
8th grade,Justinn,Haruard,Health Coach IV,00 Judy Terrace,2035,New South Wales,Australia,Target
8th grade,Wyn,Meach,,79 Armistice Junction,2765,New South Wales,Australia,Target
8th grade,Art,Shardlow,Data Coordiator,7 Clemons Circle,4350,Queensland,Australia,Target
8th grade,Dennis,Varnham,Assistant Media Planner,6455 Mayfield Street,3350,Victoria,Australia,Target
8th grade,Freddi,Litherborough,Product Engineer,7873 Meadow Vale Plaza,2460,New South Wales,Australia,Target
8th grade,Salomon,Perkins,Engineer IV,45 Banding Hill,2009,New South Wales,Australia,Target
8th grade,Sherill,,Information Systems Manager,53 Moulton Avenue,2880,New South Wales,Australia,Target
8th grade,Queenie,Learie,,7 Sauthoff Park,2073,New South Wales,Australia,Target
8th grade,Etan,Prinett,Operator,9082 Waywood Avenue,2250,New South Wales,Australia,Target
8th grade,Donaugh,Benedict,Systems Administrator III,30049 Brown Road,2233,New South Wales,Australia,Target
8th grade,Harwell,Kleinstein,Sales Representative,7 Huxley Trail,3818,Victoria,Australia,Target
8th grade,Cheston,Hritzko,Software Engineer III,3 Service Center,2127,New South Wales,Australia,Target
8th grade,Suzy,Trounson,Senior Financial Analyst,0627 Golf Center,4152,Queensland,Australia,Target
8th grade,Jobie,Runacres,Developer IV,24960 Shopko Crossing,2528,New South Wales,Australia,Target
8th grade,Guenna,Filisov,Chemical Engineer,43 Stoughton Drive,2154,New South Wales,Australia,Target
8th grade,Opal,Cleare,Database Administrator II,247 Blue Bill Park Parkway,2066,New South Wales,Australia,Target
8th grade,Ottilie,Wanless,Environmental Specialist,2 David Pass,2720,New South Wales,Australia,Target
8th grade,Kipper,Circuit,Research Assistant IV,3867 Barby Hill,2140,New South Wales,Australia,Target
8th grade,Marilin,Frome,Account Executive,52 Bobwhite Court,2219,New South Wales,Australia,Target
8th grade,Arel,Abramovitz,Nurse Practicioner,32249 Sycamore Way,4650,Queensland,Australia,Target
8th grade,Kit,Easdon,Director of Sales,3 Roth Junction,3156,Victoria,Australia,Target
8th grade,Gregg,Aimeric,Internal Auditor,72423 Surrey Street,3753,Victoria,Australia,Target
8th grade,Skipp,Swales,Community Outreach Specialist,76 Green Ridge Drive,3029,Victoria,Australia,Target
8th grade,Frederich,Glantz,Nuclear Power Engineer,9 Glacier Hill Circle,2762,New South Wales,Australia,Target
8th grade,Rodolph,Denniss,Geologist III,91281 Transport Center,3356,Victoria,Australia,Target
8th grade,Craggie,Dering,Actuary,11 Paget Road,2125,New South Wales,Australia,Target
8th grade,Johna,Bunker,Tax Accountant,3686 Waubesa Way,3065,Victoria,Australia,Target
8th grade,Giralda,MacPeake,Librarian,6 Killdeer Way,2705,New South Wales,Australia,Target
8th grade,Rodney,Trethewey,Software Consultant,737 Service Lane,3030,Victoria,Australia,Target
8th grade,Theresina,,General Manager,253 Katie Junction,2650,New South Wales,Australia,Target
8th grade,Gleda,Howerd,Senior Developer,481 Moulton Place,2440,New South Wales,Australia,Target
8th grade,Melany,Ladewig,Research Associate,3864 Sheridan Alley,4130,Queensland,Australia,Target
8th grade,Claudell,Rounsefell,VP Sales,61416 Karstens Place,4217,Queensland,Australia,Target
8th grade,Garwin,Nurden,Programmer I,0 Union Parkway,3142,Victoria,Australia,Target
8th grade,Bunny,Leebetter,Quality Engineer,4 Lukken Lane,4301,Queensland,Australia,Target
8th grade,Matias,Melloi,Legal Assistant,1507 Schlimgen Trail,2155,New South Wales,Australia,Target
8th grade,Sada,Dowyer,Human Resources Manager,4 Meadow Ridge Place,2090,New South Wales,Australia,Target
8th grade,Anet,Roseman,Programmer Analyst III,31 Melody Circle,3814,Victoria,Australia,Target
8th grade,Katie,Warhurst,Help Desk Operator,96 Rutledge Drive,3064,Victoria,Australia,Target
8th grade,Celia,Bryden,Chemical Engineer,2905 Towne Place,2114,New South Wales,Australia,Target
8th grade,Stearne,Trolley,Automation Specialist IV,638 Caliangt Avenue,2137,New South Wales,Australia,Target
8th grade,Tristam,Larose,VP Accounting,9645 Moose Terrace,2137,New South Wales,Australia,Target
8th grade,Laurena,,VP Sales,7 Messerschmidt Crossing,3810,Victoria,Australia,Target
8th grade,Heloise,Fairpool,Information Systems Manager,005 Loeprich Way,4680,Queensland,Australia,Target
8th grade,Dory,Malpass,,3653 Steensland Road,4103,Queensland,Australia,Target
8th grade,Marcellina,Baynton,Software Engineer III,56 Comanche Terrace,3141,Victoria,Australia,Target
8th grade,Gregorius,Leal,,66 Merry Court,2033,New South Wales,Australia,Target
8th grade,Deana,Canton,,92 Ludington Street,4301,Queensland,Australia,Target
8th grade,Kori,Sparsholt,Office Assistant II,37 Rigney Park,2171,New South Wales,Australia,Target
8th grade,Lucky,Klainman,Chief Design Engineer,0796 Barnett Plaza,3758,Victoria,Australia,Target
8th grade,Erasmus,Olenchenko,Software Test Engineer IV,415 Rockefeller Trail,2484,New South Wales,Australia,Target
8th grade,Carita,Sand,Quality Engineer,846 Loftsgordon Crossing,2154,New South Wales,Australia,Target
8th grade,Lynnett,Tipper,Social Worker,9 Ridgeview Avenue,3109,Victoria,Australia,Target
8th grade,Thorn,Stigers,Business Systems Development Analyst,6218 Delladonna Parkway,4115,Queensland,Australia,Target
8th grade,Lela,Billing,Programmer Analyst III,095 Glacier Hill Circle,2571,New South Wales,Australia,Target
8th grade,Norah,Mapis,Assistant Manager,057 Victoria Crossing,2263,New South Wales,Australia,Target
8th grade,Moina,Rosenbaum,Graphic Designer,0 Memorial Road,3109,Victoria,Australia,Target
8th grade,Ceciley,Harg,Nurse Practicioner,409 Starling Lane,4172,Queensland,Australia,Target
8th grade,Torry,de la Valette Parisot,VP Marketing,36963 Pierstorff Terrace,3168,Victoria,Australia,Target
8th grade,Sigismund,Sedger,Accountant II,8069 Sunbrook Way,2155,New South Wales,Australia,Target
8th grade,Irvine,Headon,Geologist III,9 Hovde Way,2322,New South Wales,Australia,Target
8th grade,Laurie,,Assistant Media Planner,94 Barby Lane,2210,New South Wales,Australia,Target
8th grade,Tomkin,Bernlin,Food Chemist,0492 Kings Street,2480,New South Wales,Australia,Target
8th grade,Genni,Fanstone,Administrative Assistant II,1 Fair Oaks Alley,3149,Victoria,Australia,Target
8th grade,Blondie,,Actuary,780 Norway Maple Hill,2565,New South Wales,Australia,Target
8th grade,Aloysius,Killingsworth,VP Quality Control,625 Mandrake Junction,2145,New South Wales,Australia,Target
8th grade,Carola,Philler,Dental Hygienist,1037 Roth Park,2145,New South Wales,Australia,Target
8th grade,Fitzgerald,Hellikes,Media Manager IV,315 Center Park,3040,Victoria,Australia,Target
8th grade,Ingmar,Okenden,Compensation Analyst,1 Graceland Plaza,3216,Victoria,Australia,Target
8th grade,Tina,Dunstan,Account Representative IV,98555 Victoria Hill,2171,New South Wales,Australia,Target
8th grade,Huberto,Mollatt,Programmer IV,31121 Pierstorff Center,2770,New South Wales,Australia,Target
8th grade,Georgi,,Assistant Manager,59 Garrison Terrace,3215,Victoria,Australia,Target
8th grade,Adolpho,Bellerby,VP Sales,2763 Buhler Circle,4305,Queensland,Australia,Target
8th grade,Kelsey,Hatt,Senior Sales Associate,309 Maple Wood Pass,3930,Victoria,Australia,Target
8th grade,Lucien,,,777 Fairfield Court,4305,Queensland,Australia,Target
8th grade,Ariel,McCloid,Human Resources Manager,99 Quincy Parkway,3630,Victoria,Australia,Target
8th grade,Bevvy,Openshaw,Staff Scientist,902 Westend Lane,2318,New South Wales,Australia,Target
8th grade,Alexina,Mabley,Web Designer IV,9 Rieder Junction,2573,New South Wales,Australia,Target
8th grade,Dawn,Pyffe,Media Manager III,734 Veith Way,3155,Victoria,Australia,Target
8th grade,Claudette,Renackowna,Administrative Officer,0800 Dahle Alley,2148,New South Wales,Australia,Target
8th grade,Elianora,Poolton,Programmer II,5 Macpherson Drive,3134,Victoria,Australia,Target
8th grade,Park,,Nurse Practicioner,07 Boyd Drive,4350,Queensland,Australia,Target
8th grade,Anthony,Lindstrom,Geologist IV,427 Oak Avenue,2205,New South Wales,Australia,Target
8th grade,Liane,Poizer,Analyst Programmer,390 Express Plaza,2076,New South Wales,Australia,Target
8th grade,Romonda,Hallt,Operator,703 Ludington Plaza,2480,New South Wales,Australia,Target
8th grade,Sula,Thomann,Assistant Manager,7 Dayton Circle,2160,New South Wales,Australia,Target
8th grade,Renell,Earley,Compensation Analyst,79 Manufacturers Plaza,4171,Queensland,Australia,Target
8th grade,Cliff,Philipsson,Structural Analysis Engineer,600 Artisan Drive,3149,Victoria,Australia,Target
8th grade,Clevey,Aisthorpe,Software Consultant,0 Veith Way,2009,New South Wales,Australia,Target
8th grade,Cariotta,,Assistant Media Planner,2336 Continental Point,2527,New South Wales,Australia,Target
8th grade,George,Jose,Payment Adjustment Coordinator,535 Corben Point,4680,Queensland,Australia,Target
8th grade,Kissiah,Foat,Graphic Designer,1690 Forster Place,2281,New South Wales,Australia,Target
8th grade,Milty,Brauninger,Payment Adjustment Coordinator,54 6th Trail,2640,New South Wales,Australia,Target
8th grade,Killian,Nettles,Marketing Assistant,16 Pepper Wood Junction,3803,Victoria,Australia,Target
8th grade,Fredia,Favelle,Teacher,4 Arapahoe Terrace,4014,Queensland,Australia,Target
8th grade,Katleen,Arnoult,VP Product Management,540 Farragut Avenue,2066,New South Wales,Australia,Target
8th grade,Gaultiero,Fibbens,Help Desk Technician,938 Bartillon Hill,2035,New South Wales,Australia,Target
8th grade,Inglebert,Aspinal,Financial Analyst,612 Annamark Center,2176,New South Wales,Australia,Target
8th grade,Jammal,Devenny,Marketing Manager,18 Sage Plaza,3152,Victoria,Australia,Target
8th grade,Adriane,Richardson,Data Coordiator,4 Randy Street,3070,Victoria,Australia,Target
8th grade,Jodi,Lermit,,05 Corry Center,4021,Queensland,Australia,Target
8th grade,Emelia,Ackwood,Senior Cost Accountant,1 South Street,4183,Queensland,Australia,Target
8th grade,Andee,Huke,,4810 Kim Park,3858,Victoria,Australia,Target
8th grade,Isa,Fominov,Physical Therapy Assistant,80388 Ryan Place,2010,New South Wales,Australia,Target
8th grade,Zabrina,Margram,,1092 Kinsman Parkway,4053,Queensland,Australia,Target
8th grade,Maddalena,Angood,,1 Bluejay Court,2320,New South Wales,Australia,Target
8th grade,Sofie,Worsfold,Environmental Tech,7 Maple Wood Plaza,4125,Queensland,Australia,Target
8th grade,Elmira,Vasilyev,Senior Quality Engineer,12 Eastlawn Terrace,2007,New South Wales,Australia,Target
8th grade,Free,Rowland,,24929 Spaight Junction,3796,Victoria,Australia,Target
8th grade,Worthington,Cohane,Chief Design Engineer,846 Daystar Lane,2000,New South Wales,Australia,Target
8th grade,Bailey,Bereford,Senior Sales Associate,36 Golf Course Circle,2444,New South Wales,Australia,Target
8th grade,Perry,Whitehurst,Structural Engineer,0 Nelson Crossing,3155,Victoria,Australia,Target
8th grade,Antony,Tuma,Environmental Tech,93264 Almo Plaza,3078,Victoria,Australia,Target
8th grade,Corene,Hallgate,,2109 Shoshone Court,3103,Victoria,Australia,Target
8th grade,Nico,Chadwick,Research Assistant IV,355 Roxbury Lane,3190,Victoria,Australia,Target
8th grade,Joline,Skipperbottom,Desktop Support Technician,2 Warrior Crossing,2161,New South Wales,Australia,Target
8th grade,Ivy,Farr,Office Assistant IV,08470 Kingsford Lane,2120,New South Wales,Australia,Target
8th grade,Dallas,Lavalde,Product Engineer,16898 Donald Plaza,2323,New South Wales,Australia,Target
8th grade,Amabel,,Chief Design Engineer,3128 Mallory Pass,2144,New South Wales,Australia,Target
8th grade,Hilario,McCulloch,Physical Therapy Assistant,799 Luster Road,3051,Victoria,Australia,Target
8th grade,Jim,Haddrell,Associate Professor,53 Dryden Trail,2358,New South Wales,Australia,Target
8th grade,Jacobo,Mucklow,Computer Systems Analyst I,5512 Ronald Regan Hill,3122,Victoria,Australia,Target
8th grade,Gretel,Paschke,Editor,72 Melrose Street,4074,Queensland,Australia,Target
8th grade,Jethro,Mertel,Software Consultant,3460 Dapin Street,2262,New South Wales,Australia,Target
8th grade,Dwain,Hatch,Marketing Assistant,5 Hovde Lane,3028,Victoria,Australia,Target
8th grade,Lucretia,D'Agostini,Database Administrator III,4 Gale Center,3185,Victoria,Australia,Target
8th grade,Claude,Bowstead,Accounting Assistant III,5263 Stone Corner Crossing,2217,New South Wales,Australia,Target
8th grade,Donn,MacGregor,Civil Engineer,0439 Mandrake Park,2046,New South Wales,Australia,Target
8th grade,Laurel,Devennie,VP Product Management,069 Hoard Pass,4352,Queensland,Australia,Target
8th grade,Elvira,Darthe,Accounting Assistant I,89 Green Ridge Point,2168,New South Wales,Australia,Target
8th grade,Angie,Tansley,VP Sales,8 Cardinal Junction,2444,New South Wales,Australia,Target
8th grade,Terrence,Dalligan,Chemical Engineer,240 Main Hill,3200,Victoria,Australia,Target
6th grade,Katy,Crooke,Food Chemist,67081 Burrows Center,2111,New South Wales,Australia,Target
8th grade,Sammy,Borsi,Accountant III,0 Kipling Way,2289,New South Wales,Australia,Target
8th grade,Morganica,Ainsbury,Senior Editor,1 Raven Way,2151,New South Wales,Australia,Target
8th grade,Nils,Champion,Programmer III,261 Holy Cross Park,2750,New South Wales,Australia,Target
8th grade,Beverlee,Querree,Marketing Manager,891 Ohio Terrace,2075,New South Wales,Australia,Target
8th grade,Cami,Eitter,Professor,1408 Hovde Circle,3081,Victoria,Australia,Target
8th grade,Reiko,Degenhardt,Financial Analyst,50897 Northfield Road,4280,Queensland,Australia,Target
8th grade,Cord,Dunsmore,Internal Auditor,596 Boyd Park,4301,Queensland,Australia,Target
8th grade,Gabey,Kennicott,Developer I,8 Fordem Place,2322,New South Wales,Australia,Target
8th grade,Jacqui,Devey,Analyst Programmer,656 Kennedy Crossing,2261,New South Wales,Australia,Target
8th grade,Byrom,Ramas,Help Desk Technician,2 Jackson Place,2528,New South Wales,Australia,Target
8th grade,Worthington,Ahmed,Senior Cost Accountant,39408 Manufacturers Road,3335,Victoria,Australia,Target
8th grade,Chico,Dye,Speech Pathologist,168 Schlimgen Center,2526,New South Wales,Australia,Target
8th grade,Davidde,Cockroft,Geological Engineer,8 Kim Avenue,2158,New South Wales,Australia,Target
8th grade,Charlie,Dmych,Account Coordinator,920 Cambridge Way,2263,New South Wales,Australia,Target
8th grade,Donn,Chaney,Research Assistant II,4 Schlimgen Trail,4701,Queensland,Australia,Target
8th grade,Kamila,Parsonage,,31 Mccormick Court,4131,Queensland,Australia,Target
8th grade,Barth,Sapshed,Executive Secretary,65 Milwaukee Lane,4520,Queensland,Australia,Target
8th grade,Padriac,Collacombe,Software Consultant,76 Mendota Park,2090,New South Wales,Australia,Target
8th grade,Olive,Mozzi,Account Representative IV,26667 Rigney Place,2567,New South Wales,Australia,Target
8th grade,Benedict,Rosas,Actuary,898 Muir Court,2142,New South Wales,Australia,Target
8th grade,Virginia,De Antoni,Executive Secretary,88093 Pierstorff Plaza,2030,New South Wales,Australia,Target
8th grade,Nicolas,O'Donnell,Internal Auditor,3319 Anthes Crossing,3177,Victoria,Australia,Target
8th grade,Oswald,MacCarlich,Assistant Media Planner,16 Mosinee Place,4717,Queensland,Australia,Target
8th grade,Ailyn,Howgate,Electrical Engineer,197 Northport Plaza,4213,Queensland,Australia,Target
8th grade,Karol,Salthouse,Research Assistant III,10236 Mifflin Avenue,2570,New South Wales,Australia,Target
8th grade,Esdras,Birchett,Assistant Media Planner,5287 Clarendon Plaza,2258,New South Wales,Australia,Target
6th grade,Wilfrid,Gertray,Accounting Assistant I,38407 Sutteridge Circle,2766,New South Wales,Australia,Target
8th grade,Charmain,Styles,Programmer Analyst I,423 Holy Cross Lane,3029,Victoria,Australia,Target
8th grade,Harlene,Nono,Human Resources Manager,0307 Namekagon Crossing,2170,New South Wales,Australia,Target
8th grade,Kirsteni,Gritskov,,743 Stuart Terrace,2560,New South Wales,Australia,Target
8th grade,Bobby,Summersby,Sales Associate,1478 Oak Valley Park,3350,Victoria,Australia,Target
8th grade,Shepherd,Dutchburn,Senior Sales Associate,8970 Anhalt Junction,2160,New South Wales,Australia,Target
8th grade,Berenice,Kaesmakers,Sales Representative,563 Waywood Park,2145,New South Wales,Australia,Target
8th grade,Jesse,Crosio,Data Coordiator,9313 Mayer Street,3133,Victoria,Australia,Target
8th grade,Cordi,Thornton,Structural Engineer,2978 Mccormick Center,2028,New South Wales,Australia,Target
8th grade,Debbie,Tillman,Account Coordinator,527 Jay Trail,4551,Queensland,Australia,Target
8th grade,Judie,Pirkis,Recruiter,6 Loftsgordon Pass,2111,New South Wales,Australia,Target
8th grade,Flin,Yoskowitz,Registered Nurse,9940 Manley Drive,2574,New South Wales,Australia,Target
8th grade,Noel,Sturch,Environmental Specialist,0736 West Crossing,3585,Victoria,Australia,Target
8th grade,Letizia,Poore,Web Developer II,95796 Mcbride Drive,3677,Victoria,Australia,Target
8th grade,Raynard,,Statistician III,20187 Loomis Court,4132,Queensland,Australia,Target
8th grade,Kiley,Grunder,Cost Accountant,17393 Colorado Hill,4006,Queensland,Australia,Target
8th grade,Ethelred,Sissel,Programmer Analyst IV,65 Rutledge Parkway,2539,New South Wales,Australia,Target
8th grade,Dena,Pabst,Account Executive,02023 Loeprich Drive,3037,Victoria,Australia,Target
6th grade,Wyndham,Woolford,Engineer IV,9107 Pine View Plaza,3977,Victoria,Australia,Target
8th grade,Rochette,Haddacks,Tax Accountant,822 Di Loreto Junction,3020,Victoria,Australia,Target
8th grade,Jamal,Dudgeon,Mechanical Systems Engineer,2712 Namekagon Crossing,3029,Victoria,Australia,Target
8th grade,Levin,Coxen,Accountant I,32 Hazelcrest Court,2753,New South Wales,Australia,Target
8th grade,Marinna,Kauschke,Sales Associate,9 Forster Circle,3174,Victoria,Australia,Target
8th grade,Kyle,Michie,Nurse Practicioner,07226 Anzinger Avenue,3032,Victoria,Australia,Target
8th grade,Lanie,Cobbold,Senior Sales Associate,936 Porter Lane,2323,New South Wales,Australia,Target
8th grade,Gilbert,O'Fallone,Assistant Media Planner,6 Havey Pass,2126,New South Wales,Australia,Target
8th grade,Gerianne,Kaysor,Project Manager,882 Toban Lane,2121,New South Wales,Australia,Target
8th grade,Esther,McOnie,Legal Assistant,844 Forster Place,2096,New South Wales,Australia,Target
8th grade,Chaim,Kingdon,Compensation Analyst,42590 Bellgrove Court,2097,New South Wales,Australia,Target
8th grade,Anson,Dearnaly,Data Coordiator,6060 Veith Crossing,2103,New South Wales,Australia,Target
8th grade,Caitrin,Critten,Director of Sales,25 Lakeland Point,4113,Queensland,Australia,Target
8th grade,Garreth,Minett,Physical Therapy Assistant,21667 Randy Crossing,3163,Victoria,Australia,Target
8th grade,Rozamond,Sommer,Operator,608 Dapin Court,3129,Victoria,Australia,Target
8th grade,Annabell,Downer,Budget/Accounting Analyst II,8738 Lukken Terrace,2763,New South Wales,Australia,Target
8th grade,Maximilian,Geffen,Automation Specialist III,8634 Wayridge Pass,2750,New South Wales,Australia,Target
8th grade,Ajay,Worham,Computer Systems Analyst I,5 Homewood Road,2800,New South Wales,Australia,Target
8th grade,Jamison,Cashin,VP Product Management,7 Dunning Avenue,2477,New South Wales,Australia,Target
8th grade,Dorian,Emery,Professor,67 Beilfuss Plaza,2168,New South Wales,Australia,Target
8th grade,Nicol,Swinford,VP Marketing,976 Roxbury Alley,4157,Queensland,Australia,Target
8th grade,Agna,Cowpe,,2 Main Lane,4114,Queensland,Australia,Target
8th grade,Nev,Prosh,Environmental Tech,6115 Forest Crossing,2148,New South Wales,Australia,Target
8th grade,Lucius,Hatchell,Media Manager II,432 Ronald Regan Court,3782,Victoria,Australia,Target
8th grade,Francisca,Pottage,Software Engineer II,8600 Forster Lane,2177,New South Wales,Australia,Target
8th grade,Farlie,Brookz,Administrative Assistant I,6692 Independence Way,2070,New South Wales,Australia,Target
8th grade,Mariette,,Programmer II,770 Farmco Point,2049,New South Wales,Australia,Target
8th grade,Beverlee,Ungerechts,Civil Engineer,602 Toban Center,4020,Queensland,Australia,Target
8th grade,Nanni,Girodias,,74 Shopko Pass,2161,New South Wales,Australia,Target
8th grade,Delcina,Hursey,,804 Washington Point,4132,Queensland,Australia,Target
8th grade,Lek,Pimblett,Product Engineer,97 Merrick Center,2460,New South Wales,Australia,Target
8th grade,Kellyann,Adshad,,29 Tennyson Alley,2161,New South Wales,Australia,Target
8th grade,Ewell,Paulusch,Engineer I,8194 Lien Street,4032,Queensland,Australia,Target
8th grade,Madison,Lars,Health Coach III,9503 New Castle Street,4500,Queensland,Australia,Target
8th grade,Ardis,Taree,Chemical Engineer,0 Emmet Trail,4128,Queensland,Australia,Target
8th grade,Wheeler,Godsil,Geologist IV,7 Spaight Drive,2147,New South Wales,Australia,Target
8th grade,Marissa,O'Scandall,,45000 Randy Court,3199,Victoria,Australia,Target
8th grade,Terrel,Keynd,Junior Executive,65 David Pass,4221,Queensland,Australia,Target
8th grade,Augie,Swallwell,,7 Golden Leaf Avenue,2400,New South Wales,Australia,Target
8th grade,Dillon,Bannister,Tax Accountant,43 Dayton Drive,2062,New South Wales,Australia,Target
8th grade,Osbourn,Gherardini,,5 Dryden Road,2782,New South Wales,Australia,Target
8th grade,Lissa,Gawn,Legal Assistant,14183 Iowa Center,4503,Queensland,Australia,Target
8th grade,Leisha,McConway,Payment Adjustment Coordinator,95 Del Mar Court,3175,Victoria,Australia,Target
8th grade,Kearney,Cuddehy,Marketing Assistant,98 Shoshone Road,4207,Queensland,Australia,Target
8th grade,Shellysheldon,Bichard,Desktop Support Technician,7199 Springview Parkway,4503,Queensland,Australia,Target
8th grade,Reinhard,Oscroft,Pharmacist,045 Magdeline Court,3690,Victoria,Australia,Target
8th grade,Menard,Venmore,Assistant Professor,5 Hoard Trail,2197,New South Wales,Australia,Target
8th grade,Andree,Breeds,Senior Editor,93 Scofield Pass,3152,Victoria,Australia,Target
8th grade,Kata,Harrop,,2 Ridgeway Avenue,2196,New South Wales,Australia,Target
8th grade,Pierrette,Gummie,Statistician II,29 Maple Trail,3143,Victoria,Australia,Target
8th grade,Nady,Withinshaw,Database Administrator III,7 Brentwood Circle,4000,Queensland,Australia,Target
8th grade,Demott,Mullaly,Help Desk Operator,28 Hazelcrest Drive,2525,New South Wales,Australia,Target
8th grade,Wendye,Kleinplatz,Executive Secretary,01 Reindahl Circle,4132,Queensland,Australia,Target
8th grade,Irvin,Bevans,Payment Adjustment Coordinator,5880 Hauk Street,2046,New South Wales,Australia,Target
8th grade,Madella,Marquiss,VP Marketing,0 Larry Park,3175,Victoria,Australia,Target
8th grade,Austine,Speedy,Software Engineer II,69 Sunfield Terrace,2558,New South Wales,Australia,Target
8th grade,Wolf,Craft,Database Administrator III,7513 Swallow Drive,2148,New South Wales,Australia,Target
8th grade,Aldin,Newsome,Financial Analyst,058 Morningstar Center,2127,New South Wales,Australia,Target
8th grade,Sindee,Jasik,Social Worker,0689 Melby Park,4030,Queensland,Australia,Target
8th grade,Truman,Arlett,Technical Writer,3 Spohn Circle,2477,New South Wales,Australia,Target
8th grade,Gordon,Rewan,Chief Design Engineer,91 Calypso Trail,2750,New South Wales,Australia,Target
8th grade,Israel,Brough,,43863 Victoria Lane,2281,New South Wales,Australia,Target
8th grade,Leticia,Hovenden,Mechanical Systems Engineer,54782 Lake View Parkway,3178,Victoria,Australia,Target
8th grade,Caritta,Compston,Geological Engineer,48971 Marquette Point,3976,Victoria,Australia,Target
8th grade,Annabelle,Hanwell,Professor,99 Sherman Parkway,3083,Victoria,Australia,Target
6th grade,Darryl,Hovee,Professor,381 Emmet Terrace,2047,New South Wales,Australia,Target
8th grade,Orly,Nesbitt,Analyst Programmer,7 Beilfuss Road,3163,Victoria,Australia,Target
8th grade,Margette,Gibard,,37068 Montana Street,2011,New South Wales,Australia,Target
8th grade,Nicol,Bertot,Financial Advisor,7 Elgar Hill,3060,Victoria,Australia,Target
8th grade,Nobe,Trowsdale,Community Outreach Specialist,36506 Bartillon Point,3816,Victoria,Australia,Target
8th grade,Stephen,Tittershill,Nurse Practicioner,8 Scott Drive,3150,Victoria,Australia,Target
8th grade,Giselbert,Pickring,Tax Accountant,653 2nd Park,2766,New South Wales,Australia,Target
8th grade,Shane,Diss,,22 Shelley Plaza,3198,Victoria,Australia,Target
8th grade,Lisette,Davers,Developer III,504 Stuart Pass,2130,New South Wales,Australia,Target
8th grade,Chicky,Sinclar,Operator,5 Red Cloud Place,3222,Victoria,Australia,Target
8th grade,Kippar,Whyatt,,264 Valley Edge Pass,2259,New South Wales,Australia,Target
8th grade,Xenia,Maleck,VP Product Management,5 Southridge Hill,3029,Victoria,Australia,Target
8th grade,Essie,Withur,Director of Sales,539 Graceland Pass,3444,Victoria,Australia,Target
8th grade,Cecil,Gant,,22435 Barnett Court,2145,New South Wales,Australia,Target
8th grade,Lillis,Eshmade,Structural Analysis Engineer,46057 Harbort Hill,4304,Queensland,Australia,Target
8th grade,Ted,Izacenko,Librarian,2 Shasta Place,3130,Victoria,Australia,Target
8th grade,Nixie,Shoesmith,Junior Executive,77608 Donald Center,4516,Queensland,Australia,Target
8th grade,Briana,Trill,Health Coach III,0433 La Follette Road,2137,New South Wales,Australia,Target
8th grade,Cobbie,Bruyett,Associate Professor,8593 Prairie Rose Way,2500,New South Wales,Australia,Target
8th grade,Wrennie,Dwelly,Operator,179 Carey Terrace,3020,Victoria,Australia,Target
8th grade,Sibylla,Kibble,Pharmacist,3 Ruskin Hill,2122,New South Wales,Australia,Target
8th grade,Kariotta,Naper,VP Sales,87 Crescent Oaks Alley,2756,New South Wales,Australia,Target
8th grade,Wylie,Huntingdon,VP Quality Control,08822 Duke Road,2763,New South Wales,Australia,Target
8th grade,Lizbeth,Garvan,Structural Analysis Engineer,5 Schurz Street,2141,New South Wales,Australia,Target
8th grade,Averil,Ackery,Sales Representative,344 Darwin Junction,2093,New South Wales,Australia,Target
8th grade,Myrtie,Ostrich,VP Quality Control,320 Acker Drive,2251,New South Wales,Australia,Target
8th grade,Ross,Vidgen,VP Sales,2874 Bay Hill,4032,Queensland,Australia,Target
8th grade,Sibby,Skinner,Accountant IV,3 Sunbrook Alley,4178,Queensland,Australia,Target
8th grade,Selle,Casper,Social Worker,34 Jay Hill,2880,New South Wales,Australia,Target
8th grade,Andrew,Froment,Office Assistant IV,78 Bluestem Road,3860,Victoria,Australia,Target
8th grade,Maurizia,Ritmeyer,Teacher,0 Express Lane,2142,New South Wales,Australia,Target
8th grade,Keenan,Moriarty,Actuary,077 Hansons Point,4075,Queensland,Australia,Target
8th grade,Davide,Senten,Accounting Assistant II,23737 Bartillon Street,2171,New South Wales,Australia,Target
8th grade,Renie,Fiveash,Occupational Therapist,2 Anniversary Trail,4508,Queensland,Australia,Target
8th grade,Willard,Booton,,05 Ronald Regan Alley,2121,New South Wales,Australia,Target
8th grade,Debby,Balmadier,Administrative Assistant II,738 Spaight Drive,3216,Victoria,Australia,Target
8th grade,Rockie,MacKibbon,,8 Bunker Hill Court,2298,New South Wales,Australia,Target
8th grade,Harvey,Dwelley,Help Desk Technician,59846 2nd Pass,2077,New South Wales,Australia,Target
8th grade,Patrice,Pariss,VP Accounting,3745 Thierer Trail,4078,Queensland,Australia,Target
8th grade,Arman,Yakubov,VP Quality Control,11121 Jackson Crossing,2323,New South Wales,Australia,Target
8th grade,Gardiner,Gypps,VP Product Management,1 Elgar Alley,2166,New South Wales,Australia,Target
8th grade,Cathleen,Le Teve,Recruiting Manager,32834 Caliangt Way,4211,Queensland,Australia,Target
8th grade,Thaddus,Joder,,27185 Fisk Drive,2290,New South Wales,Australia,Target
8th grade,Josepha,Clamp,Marketing Manager,2 Harper Junction,2069,New South Wales,Australia,Target
8th grade,Jillane,Simion,VP Marketing,7 Caliangt Street,4209,Queensland,Australia,Target
8th grade,Lynnell,Shoesmith,Occupational Therapist,5331 Ilene Parkway,2560,New South Wales,Australia,Target
8th grade,Mandie,MacAdie,Chief Design Engineer,1009 Roxbury Point,2110,New South Wales,Australia,Target
8th grade,Ferdinand,Billie,Chemical Engineer,660 Carey Avenue,2759,New South Wales,Australia,Target
8th grade,Suzy,Bussens,,25 Oneill Alley,4102,Queensland,Australia,Target
8th grade,Emeline,Vezey,Dental Hygienist,2 Golden Leaf Parkway,3759,Victoria,Australia,Target
8th grade,Cissiee,Baylis,Cost Accountant,18 Dottie Park,2230,New South Wales,Australia,Target
8th grade,Roldan,Raybould,Actuary,85 Badeau Pass,3158,Victoria,Australia,Target
8th grade,Barth,Weare,Clinical Specialist,784 Lotheville Court,2541,New South Wales,Australia,Target
8th grade,Alta,Pithcock,GIS Technical Architect,57568 Northview Junction,2141,New South Wales,Australia,Target
8th grade,Marc,Keunemann,Dental Hygienist,283 Golf View Lane,2747,New South Wales,Australia,Target
8th grade,Bertine,Smalles,VP Quality Control,7 Johnson Hill,3028,Victoria,Australia,Target
8th grade,Wilbert,O'Loughnan,Paralegal,22580 Doe Crossing Drive,4055,Queensland,Australia,Target
8th grade,Seymour,Fellibrand,Structural Analysis Engineer,96081 Lakewood Hill,4650,Queensland,Australia,Target
8th grade,Miran,Runchman,Nurse,6634 Old Gate Parkway,4304,Queensland,Australia,Target
8th grade,Dorotea,Fenwick,Nurse,72 Lukken Crossing,2016,New South Wales,Australia,Target
8th grade,Jenny,Massy,Project Manager,6 Meadow Ridge Pass,2470,New South Wales,Australia,Target
8th grade,Hyman,Petrolli,Senior Sales Associate,290 Menomonie Circle,3782,Victoria,Australia,Target
8th grade,Beatrix,McGivena,Assistant Manager,6 Sutherland Parkway,4879,Queensland,Australia,Target
8th grade,Nalani,Hallad,Environmental Specialist,1 Oriole Crossing,3184,Victoria,Australia,Target
8th grade,Inglebert,Butland,Actuary,51837 Canary Center,2114,New South Wales,Australia,Target
8th grade,Brendis,Pineaux,Mechanical Systems Engineer,43030 Carberry Way,2560,New South Wales,Australia,Target
8th grade,Jaimie,Lancastle,VP Marketing,0 Bay Drive,2750,New South Wales,Australia,Target
8th grade,Glendon,Malham,Web Designer I,6 Anzinger Pass,3030,Victoria,Australia,Target
8th grade,Morganica,Bentke,Marketing Assistant,19453 Ramsey Point,3067,Victoria,Australia,Target
8th grade,Calida,Schaben,Recruiting Manager,1861 Chive Court,2199,New South Wales,Australia,Target
8th grade,Hallsy,Voysey,Business Systems Development Analyst,9 Westerfield Point,3437,Victoria,Australia,Target
8th grade,Lanny,Currall,Developer IV,3 Redwing Center,2209,New South Wales,Australia,Target
8th grade,Son,Varney,Analog Circuit Design manager,189 Bayside Court,2480,New South Wales,Australia,Target
8th grade,Bartram,Caltun,Internal Auditor,174 Farwell Point,2121,New South Wales,Australia,Target
8th grade,Halette,Borsi,Research Nurse,356 Pennsylvania Point,2128,New South Wales,Australia,Target
8th grade,Killie,Densie,Environmental Tech,62 Dryden Junction,2042,New South Wales,Australia,Target
8th grade,Mandi,Adamsson,Programmer Analyst I,25 Westerfield Road,4165,Queensland,Australia,Target
8th grade,Kylila,Basezzi,Assistant Manager,64 Armistice Point,4217,Queensland,Australia,Target
8th grade,Yardley,Matten,Junior Executive,74 Everett Court,4408,Queensland,Australia,Target
8th grade,Shepperd,Leonards,Chemical Engineer,38 Nobel Lane,2147,New South Wales,Australia,Target
8th grade,Hamel,Curzey,Structural Engineer,6936 Homewood Avenue,4000,Queensland,Australia,Target
8th grade,Fancie,Woofendell,Research Nurse,8 Crowley Center,4212,Queensland,Australia,Target
8th grade,Zebulen,Emtage,Senior Developer,44 Ronald Regan Parkway,4352,Queensland,Australia,Target
8th grade,Micheil,Fleote,Civil Engineer,174 Lotheville Crossing,2093,New South Wales,Australia,Target
8th grade,Cecily,Faircley,Accountant IV,8 Bluejay Road,4301,Queensland,Australia,Target
8th grade,Glory,Chilcott,,4286 Rowland Circle,4165,Queensland,Australia,Target
8th grade,Sinclair,Wark,Financial Analyst,44 Thompson Center,2134,New South Wales,Australia,Target
8th grade,Tomaso,Horsley,Junior Executive,70360 Onsgard Plaza,3977,Victoria,Australia,Target
8th grade,Gilli,Christophers,Database Administrator IV,53870 Jay Pass,4575,Queensland,Australia,Target
8th grade,Errick,Burgin,Professor,417 Killdeer Alley,2650,New South Wales,Australia,Target
8th grade,Damian,Renard,Software Consultant,28 Prentice Trail,2155,New South Wales,Australia,Target
8th grade,Agnola,Batterson,Physical Therapy Assistant,216 Bultman Park,4305,Queensland,Australia,Target
8th grade,Riki,Wandtke,Librarian,435 Mitchell Street,4115,Queensland,Australia,Target
8th grade,Mikol,Eck,VP Marketing,15621 Twin Pines Crossing,4130,Queensland,Australia,Target
8th grade,Phyllis,Wibberley,Web Designer IV,03 Bellgrove Avenue,2066,New South Wales,Australia,Target
8th grade,Burt,Vasechkin,Senior Sales Associate,89100 Rusk Crossing,3338,Victoria,Australia,Target
8th grade,Adriana,Saundercock,Nurse,82 Gina Junction,3806,Victoria,Australia,Target
8th grade,Trudie,Phinnessy,,077 Dennis Lane,3030,Victoria,Australia,Target
8th grade,Frederigo,Cribbott,Social Worker,42280 Namekagon Crossing,2140,New South Wales,Australia,Target
8th grade,Glenda,Eliet,Quality Control Specialist,1 Fordem Way,3844,Victoria,Australia,Target
8th grade,Darb,,Food Chemist,780 Bonner Pass,4034,Queensland,Australia,Target
8th grade,Cal,Van den Velde,Senior Sales Associate,77916 Moland Park,3174,Victoria,Australia,Target
8th grade,Stephani,Sidsaff,Senior Quality Engineer,00 Southridge Avenue,2036,New South Wales,Australia,Target
8th grade,Meade,Bampton,Health Coach III,7870 Stuart Crossing,2090,New South Wales,Australia,Target
8th grade,Flore,Cashen,,4 Vera Pass,2640,New South Wales,Australia,Target
8th grade,Leighton,Firbanks,Teacher,7234 Sycamore Pass,4178,Queensland,Australia,Target
8th grade,Petr,Westman,Nurse Practicioner,98454 Dapin Park,4556,Queensland,Australia,Target
8th grade,Yorgos,Dewhurst,Software Consultant,4 Talmadge Road,4701,Queensland,Australia,Target
8th grade,Simmonds,Bapty,Junior Executive,47 Susan Park,2025,New South Wales,Australia,Target
8th grade,Hagen,MacCarter,,7 Ramsey Trail,3172,Victoria,Australia,Target
8th grade,Cazzie,Stanwix,Research Assistant IV,6026 Mallory Drive,4561,Queensland,Australia,Target
8th grade,Geoff,Gwillym,Clinical Specialist,1 Eliot Plaza,2323,New South Wales,Australia,Target
8th grade,Simonette,,VP Product Management,66 Hoffman Court,2232,New South Wales,Australia,Target
8th grade,Deirdre,Sturgeon,VP Sales,7 Sycamore Terrace,2232,New South Wales,Australia,Target
8th grade,Andrea,Pendle,,31281 Meadow Valley Way,4500,Queensland,Australia,Target
8th grade,Juliann,Siemantel,Librarian,28 Parkside Park,3046,Victoria,Australia,Target
8th grade,Janaye,Eade,Chief Design Engineer,2782 Northridge Street,2420,New South Wales,Australia,Target
8th grade,Dylan,Stranio,Project Manager,3662 Beilfuss Lane,2170,New South Wales,Australia,Target
8th grade,Mel,Rochford,Assistant Professor,56334 Vera Crossing,3013,Victoria,Australia,Target
8th grade,Elvin,Trayhorn,VP Accounting,79 Sheridan Point,2231,New South Wales,Australia,Target
8th grade,Dmitri,Viant,Paralegal,95960 Warner Parkway,3842,Victoria,Australia,Target
8th grade,Sonni,Milligan,Budget/Accounting Analyst III,04769 Dahle Plaza,3170,Victoria,Australia,Target
8th grade,Kellina,Haygreen,Librarian,5731 Bunker Hill Lane,2046,New South Wales,Australia,Target
8th grade,Yuma,Dennick,,89244 Macpherson Trail,2528,New South Wales,Australia,Target
8th grade,Ashleigh,,Budget/Accounting Analyst III,922 Utah Avenue,3204,Victoria,Australia,Target
8th grade,Therese,Brotherhood,Food Chemist,25044 Bay Avenue,2042,New South Wales,Australia,Target
8th grade,Pansie,Beccero,Software Test Engineer I,315 Hudson Road,4818,Queensland,Australia,Target
8th grade,Reinaldos,Simmig,Nurse Practicioner,6112 Mariners Cove Park,3147,Victoria,Australia,Target
8th grade,Calhoun,Mussington,Dental Hygienist,176 Fallview Plaza,2019,New South Wales,Australia,Target
8th grade,Winn,Wells,Analyst Programmer,544 Pawling Road,2230,New South Wales,Australia,Target
8th grade,Rafi,Brettelle,Operator,11 Brickson Park Alley,2166,New South Wales,Australia,Target
8th grade,Fey,,Research Nurse,77 Paget Park,3147,Victoria,Australia,Target
8th grade,Verne,Loalday,Marketing Assistant,598 Memorial Place,2082,New South Wales,Australia,Target
8th grade,Eleonora,Wiszniewski,Financial Advisor,6227 Quincy Terrace,4740,Queensland,Australia,Target
8th grade,Fayre,Brannigan,Geological Engineer,31351 Sunbrook Place,2234,New South Wales,Australia,Target
8th grade,Eachelle,Noirel,Registered Nurse,80 Schiller Center,2292,New South Wales,Australia,Target
8th grade,Carl,Troyes,Associate Professor,1217 Melody Alley,3109,Victoria,Australia,Target
8th grade,Cordie,Brankley,Librarian,46 Westerfield Place,2195,New South Wales,Australia,Target
8th grade,Jackie,Pays,Developer I,75024 Ronald Regan Hill,2135,New South Wales,Australia,Target
8th grade,Carroll,Schlagman,Clinical Specialist,15 Fisk Road,2099,New South Wales,Australia,Target
6th grade,Frans,Idale,Nurse,96 Hermina Place,4350,Queensland,Australia,Target
8th grade,Amara,Clow,Biostatistician IV,99376 Namekagon Street,3101,Victoria,Australia,Target
8th grade,Anthony,Morison,General Manager,276 Derek Circle,2759,New South Wales,Australia,Target
6th grade,Cherye,Stanfield,Environmental Tech,56766 Mariners Cove Place,2256,New South Wales,Australia,Target
8th grade,Ansell,Tolhurst,Chemical Engineer,13 Montana Place,2232,New South Wales,Australia,Target
8th grade,Erminie,Rabidge,,1969 Melody Lane,2170,New South Wales,Australia,Target
8th grade,Rosene,Beckey,Account Executive,02463 Portage Center,2107,New South Wales,Australia,Target
8th grade,Darlleen,Shalcras,Health Coach I,383 Graceland Avenue,2010,New South Wales,Australia,Target
8th grade,Bryon,Goundry,Marketing Manager,005 Kensington Street,4165,Queensland,Australia,Target
8th grade,Sherwin,Minocchi,Project Manager,1 Alpine Crossing,2536,New South Wales,Australia,Target
8th grade,Luci,Dyter,Software Test Engineer I,2 Namekagon Trail,3981,Victoria,Australia,Target
8th grade,Sloan,Pudney,Junior Executive,6771 Pleasure Terrace,4557,Queensland,Australia,Target
8th grade,Otes,Elegood,Programmer III,2632 Del Mar Point,2226,New South Wales,Australia,Target
8th grade,Davie,Blay,Financial Analyst,7021 5th Alley,2770,New South Wales,Australia,Target
8th grade,Dorolice,Osmon,,602 Clove Center,3046,Victoria,Australia,Target
8th grade,Meade,McReedy,Safety Technician IV,04153 Johnson Point,2193,New South Wales,Australia,Target
8th grade,Rikki,Chaffey,Chemical Engineer,9 Spohn Way,4127,Queensland,Australia,Target
8th grade,Adria,Van den Velde,Nuclear Power Engineer,6030 Becker Plaza,2261,New South Wales,Australia,Target
8th grade,Dmitri,,,4 Mallory Pass,3690,Victoria,Australia,Target
8th grade,Maddalena,Hencke,Help Desk Operator,64037 Swallow Crossing,4170,Queensland,Australia,Target
8th grade,Rand,Winchcum,Software Consultant,4594 Jackson Hill,2146,New South Wales,Australia,Target
8th grade,Rowen,Sollas,Dental Hygienist,4 Anzinger Street,4556,Queensland,Australia,Target
8th grade,Boothe,Hayselden,Computer Systems Analyst III,33 Pond Point,2291,New South Wales,Australia,Target
6th grade,Noak,Sleany,Budget/Accounting Analyst I,1 Roth Plaza,3121,Victoria,Australia,Target
8th grade,Callean,Wass,GIS Technical Architect,0593 Stoughton Center,3073,Victoria,Australia,Target
8th grade,Keelby,Sudlow,Marketing Assistant,8042 Cherokee Court,3163,Victoria,Australia,Target
8th grade,Rodrique,Vernon,Budget/Accounting Analyst III,5864 Mcbride Trail,3174,Victoria,Australia,Target
8th grade,Brod,Attrey,Budget/Accounting Analyst III,180 Lakewood Park,2194,New South Wales,Australia,Target
8th grade,Manny,Mandy,Account Representative III,6 Union Center,4280,Queensland,Australia,Target
8th grade,Becky,Lassen,Sales Associate,41153 Pond Park,2251,New South Wales,Australia,Target
8th grade,Tessa,Heakey,Senior Financial Analyst,6233 Fulton Point,3337,Victoria,Australia,Target
8th grade,Herbert,Henryson,Marketing Manager,05123 Bobwhite Plaza,2528,New South Wales,Australia,Target
8th grade,Cristie,Bence,Automation Specialist II,3413 Schmedeman Court,4122,Queensland,Australia,Target
8th grade,Renate,Whyte,Registered Nurse,4189 Laurel Center,2620,New South Wales,Australia,Target
8th grade,Toma,Woolforde,Cost Accountant,76 Melody Avenue,2092,New South Wales,Australia,Target
8th grade,Dorie,Dunleavy,Registered Nurse,1 Mcguire Lane,3356,Victoria,Australia,Target
8th grade,Ellie,Toope,Staff Accountant III,8734 Fulton Hill,2156,New South Wales,Australia,Target
8th grade,Leonora,Swetenham,,660 Hallows Place,2026,New South Wales,Australia,Target
8th grade,Teodor,Mullinder,Nuclear Power Engineer,43 Pond Junction,3216,Victoria,Australia,Target
8th grade,Jared,Fendlow,Media Manager II,6195 Bellgrove Lane,4211,Queensland,Australia,Target
8th grade,Porty,Hansed,General Manager,768 Southridge Drive,2112,New South Wales,Australia,Target
8th grade,Andy,Deeming,Payment Adjustment Coordinator,63386 Talisman Hill,4556,Queensland,Australia,Target
8th grade,Monty,Thomazin,Quality Engineer,30738 Muir Avenue,3105,Victoria,Australia,Target
8th grade,Briano,Janowski,Analyst Programmer,3259 Eagan Parkway,2066,New South Wales,Australia,Target
8th grade,Ginger,,Human Resources Manager,160 Fremont Point,2259,New South Wales,Australia,Target
8th grade,Logan,Colomb,Recruiter,266 Lakewood Terrace,2761,New South Wales,Australia,Target
8th grade,Nichols,Devinn,Recruiter,5280 Waxwing Point,2071,New South Wales,Australia,Target
8th grade,Catha,Davitt,Environmental Specialist,192 South Junction,2567,New South Wales,Australia,Target
8th grade,Melosa,McOwan,Compensation Analyst,900 Victoria Way,2211,New South Wales,Australia,Target
8th grade,Maris,Leete,Engineer IV,06 Main Alley,4300,Queensland,Australia,Target
8th grade,Wilburt,Padden,Engineer I,22 Muir Avenue,2148,New South Wales,Australia,Target
8th grade,Rosabelle,Godsmark,Executive Secretary,4871 Caliangt Hill,4102,Queensland,Australia,Target
8th grade,Guilbert,Bearns,Financial Analyst,47776 Packers Street,3226,Victoria,Australia,Target
8th grade,Meridith,Urwin,Registered Nurse,535 Graedel Circle,2444,New South Wales,Australia,Target
8th grade,Leeland,,VP Quality Control,9 Stephen Center,4122,Queensland,Australia,Target
8th grade,Gerta,Porrett,Registered Nurse,074 Badeau Crossing,3250,Victoria,Australia,Target
8th grade,Karrah,Howell,Civil Engineer,4897 Melody Road,2566,New South Wales,Australia,Target
8th grade,Alick,Baise,Pharmacist,096 Gateway Road,2747,New South Wales,Australia,Target
8th grade,Casandra,Betteridge,Cost Accountant,68 Bluestem Center,3166,Victoria,Australia,Target
8th grade,Maurine,Clee,Automation Specialist II,6 Maple Plaza,2042,New South Wales,Australia,Target
8th grade,Darwin,Bumpas,Junior Executive,6812 Gina Point,3082,Victoria,Australia,Target
8th grade,Hayes,Daveren,VP Quality Control,1 Becker Parkway,4350,Queensland,Australia,Target
8th grade,Piper,Issacov,Human Resources Assistant III,52201 Tony Avenue,2088,New South Wales,Australia,Target
8th grade,Markus,Pendrey,Clinical Specialist,2382 Anthes Crossing,2153,New South Wales,Australia,Target
8th grade,Sile,Zappel,Business Systems Development Analyst,44350 Buell Alley,4018,Queensland,Australia,Target
8th grade,Craggy,Happel,Marketing Manager,23 Del Sol Alley,3064,Victoria,Australia,Target
8th grade,Egor,Mariette,Financial Advisor,79 Mockingbird Plaza,3163,Victoria,Australia,Target
8th grade,Reinald,Bembrigg,Senior Financial Analyst,858 Portage Hill,2770,New South Wales,Australia,Target
8th grade,Kissie,Line,Environmental Tech,629 Grasskamp Junction,2200,New South Wales,Australia,Target
8th grade,Quentin,Gerleit,Associate Professor,88 Aberg Circle,3806,Victoria,Australia,Target
8th grade,Karoly,Burgoine,Account Representative IV,18 Morning Circle,3012,Victoria,Australia,Target
8th grade,Clarine,Piecha,Dental Hygienist,7523 Eggendart Hill,4151,Queensland,Australia,Target
8th grade,Mycah,Beaston,Environmental Specialist,2 Mandrake Street,2221,New South Wales,Australia,Target
8th grade,Clemmie,Bartoszewicz,Statistician IV,727 Morrow Parkway,3197,Victoria,Australia,Target
8th grade,Randall,Mason,Product Engineer,83497 Memorial Plaza,2570,New South Wales,Australia,Target
8th grade,Donica,Humby,Senior Cost Accountant,488 Briar Crest Court,2101,New South Wales,Australia,Target
8th grade,Lotty,Loach,Nurse,78451 South Street,2380,New South Wales,Australia,Target
8th grade,Marie-jeanne,Breawood,Clinical Specialist,6 Prairieview Pass,2770,New South Wales,Australia,Target
8th grade,Babara,Sissel,,5 Ohio Road,3169,Victoria,Australia,Target
8th grade,Rodolphe,Glenton,Programmer Analyst II,4787 Golf Terrace,3163,Victoria,Australia,Target
8th grade,Thorvald,Duckerin,Electrical Engineer,4 Pine View Junction,3021,Victoria,Australia,Target
8th grade,Paulina,Iannuzzelli,Automation Specialist I,097 Hollow Ridge Alley,2118,New South Wales,Australia,Target
8th grade,Ricki,Padefield,Automation Specialist III,860 Barby Lane,4275,Queensland,Australia,Target
8th grade,Lizette,McKeaveney,Assistant Manager,6412 Butternut Road,2050,New South Wales,Australia,Target
8th grade,Muffin,Bhar,,15 Weeping Birch Crossing,2448,New South Wales,Australia,Target
8th grade,Jeno,Strafford,Tax Accountant,891 Sachtjen Hill,4170,Queensland,Australia,Target
8th grade,Brigg,Himsworth,,771 Union Crossing,4570,Queensland,Australia,Target
8th grade,Judi,Cazereau,GIS Technical Architect,22 Farmco Avenue,3851,Victoria,Australia,Target
8th grade,Shara,Bramhill,,01 Bunker Hill Drive,2230,New South Wales,Australia,Target
8th grade,Raleigh,Pont,Associate Professor,7650 Gulseth Parkway,3139,Victoria,Australia,Target
8th grade,Zachariah,Meininking,Cost Accountant,24815 Lindbergh Avenue,2749,New South Wales,Australia,Target
8th grade,Lesley,Garey,Software Consultant,924 Lindbergh Court,2226,New South Wales,Australia,Target
8th grade,Adriena,Giffin,Analog Circuit Design manager,1 Manitowish Court,2259,New South Wales,Australia,Target
8th grade,Antoinette,,Structural Analysis Engineer,9 Derek Alley,3058,Victoria,Australia,Target
8th grade,Carr,Hopkynson,,5990 Fairfield Pass,2318,New South Wales,Australia,Target
8th grade,Shay,Briand,Project Manager,1 Mandrake Way,3844,Victoria,Australia,Target
8th grade,Karney,Burstow,Design Engineer,4011 Prairieview Court,2031,New South Wales,Australia,Target
8th grade,Latrena,Yetts,Civil Engineer,53877 Dakota Crossing,2871,New South Wales,Australia,Target
8th grade,Jesse,Alflat,Executive Secretary,49 Northfield Drive,2145,New South Wales,Australia,Target
8th grade,Kelcie,Kingaby,Systems Administrator II,0 Summit Center,4019,Queensland,Australia,Target
8th grade,Fabio,Commuzzo,Software Test Engineer II,66 Shopko Circle,3806,Victoria,Australia,Target
8th grade,Heall,Andrioli,Environmental Tech,370 Eastwood Road,4133,Queensland,Australia,Target
8th grade,Rickert,Brasted,Staff Scientist,20 Hoffman Park,2145,New South Wales,Australia,Target
8th grade,Hedwig,Jayme,Accountant IV,6293 Hooker Point,2099,New South Wales,Australia,Target
8th grade,Penrod,Tomasicchio,,30 Harper Trail,2318,New South Wales,Australia,Target
6th grade,Pancho,Edis,Assistant Professor,64467 Pankratz Pass,3023,Victoria,Australia,Target
8th grade,Andriana,Gosnoll,Chief Design Engineer,900 Brown Junction,2291,New South Wales,Australia,Target
8th grade,Nilson,Wiggam,Paralegal,8845 Spaight Way,3049,Victoria,Australia,Target
8th grade,Denny,Spleving,Business Systems Development Analyst,85420 Myrtle Road,2114,New South Wales,Australia,Target
6th grade,Roth,Crum,Legal Assistant,276 Anthes Court,2450,New South Wales,Australia,Target
8th grade,Olia,O' Mullan,Account Executive,6315 Mendota Parkway,2263,New South Wales,Australia,Target
8th grade,Conway,Juarez,Help Desk Technician,66904 American Ash Hill,4814,Queensland,Australia,Target
8th grade,Dru,Crellim,,90 Morningstar Drive,3030,Victoria,Australia,Target
8th grade,Shaw,MacEvilly,Software Test Engineer III,34020 Sheridan Park,2768,New South Wales,Australia,Target
8th grade,Brook,Eade,Sales Representative,58 Meadow Valley Court,2330,New South Wales,Australia,Target
8th grade,Aleece,Feige,,2030 Anderson Lane,2141,New South Wales,Australia,Target
8th grade,Dolorita,Strutton,General Manager,07 Acker Pass,3178,Victoria,Australia,Target
8th grade,Harman,A'field,Geologist III,31815 Vermont Drive,4227,Queensland,Australia,Target
8th grade,Hildegarde,Bamb,Help Desk Operator,5070 Division Parkway,3910,Victoria,Australia,Target
8th grade,Launce,Gale,,4 Fordem Avenue,2777,New South Wales,Australia,Target
8th grade,Ilise,Clissold,Developer IV,659 Comanche Plaza,2153,New South Wales,Australia,Target
8th grade,Julita,Prene,Chemical Engineer,5 Myrtle Junction,4128,Queensland,Australia,Target
8th grade,Ashlen,Willbond,Software Consultant,723 Grayhawk Way,3934,Victoria,Australia,Target
8th grade,Keely,Bointon,Nurse,55 Dorton Point,4154,Queensland,Australia,Target
8th grade,Poul,Gaskin,Help Desk Operator,9 Killdeer Circle,2643,New South Wales,Australia,Target
8th grade,Sheilakathryn,Huff,Assistant Manager,04 Miller Drive,2477,New South Wales,Australia,Target
8th grade,Rubia,Evetts,Pharmacist,64213 Miller Point,2071,New South Wales,Australia,Target
8th grade,Francklin,Cross,Teacher,24593 Jackson Parkway,2231,New South Wales,Australia,Target
8th grade,Wilone,Champley,,9346 Lyons Point,2077,New South Wales,Australia,Target
6th grade,Lezlie,Clemits,Senior Cost Accountant,0504 Nevada Drive,2155,New South Wales,Australia,Target
8th grade,Kathe,Oller,General Manager,817 Loftsgordon Road,3029,Victoria,Australia,Target
8th grade,Dulce,Bradwell,Research Associate,30 Lukken Point,4159,Queensland,Australia,Target
8th grade,Felice,Dechelette,Librarian,4 Kingsford Trail,4051,Queensland,Australia,Target
8th grade,Joane,Caldes,Senior Cost Accountant,42 3rd Plaza,2250,New South Wales,Australia,Target
8th grade,Diane,Furman,,6660 Riverside Circle,3013,Victoria,Australia,Target
8th grade,Ogdan,Blenkinship,Occupational Therapist,21712 Texas Court,3429,Victoria,Australia,Target
8th grade,Kizzee,Agget,Statistician II,122 Marcy Park,2213,New South Wales,Australia,Target
8th grade,Stephi,Highton,Software Engineer I,293 Mendota Park,2154,New South Wales,Australia,Target
8th grade,Martino,Scoles,Senior Financial Analyst,47 Scofield Junction,3620,Victoria,Australia,Target
8th grade,Morgen,Newport,Project Manager,9 Washington Center,3340,Victoria,Australia,Target
8th grade,Eugenie,Brinson,Assistant Media Planner,7109 Grayhawk Avenue,3073,Victoria,Australia,Target
8th grade,Reinold,Natt,Help Desk Technician,70 Evergreen Hill,3207,Victoria,Australia,Target
8th grade,Jo,Roberts,Paralegal,20139 Lakewood Plaza,2440,New South Wales,Australia,Target
8th grade,Jacklin,Duchant,Legal Assistant,9 Memorial Road,4132,Queensland,Australia,Target
8th grade,Colas,Gabbitas,Staff Scientist,3094 Elka Place,2166,New South Wales,Australia,Target
8th grade,Claudetta,Ricciardiello,Internal Auditor,31 Schurz Parkway,3181,Victoria,Australia,Target
8th grade,Angele,Cadore,Chief Design Engineer,85894 Amoth Court,4125,Queensland,Australia,Target
8th grade,Cicily,Hast,Food Chemist,955 Burning Wood Way,2478,New South Wales,Australia,Target
8th grade,Harland,Messenger,Software Test Engineer I,27 Crownhardt Center,3934,Victoria,Australia,Target
8th grade,Sim,Constantinou,Analog Circuit Design manager,41002 Loomis Park,2010,New South Wales,Australia,Target
8th grade,Shanon,Rolfe,Sales Representative,10 Cottonwood Point,2530,New South Wales,Australia,Target
8th grade,Chryste,Oddboy,Software Engineer III,2115 Maryland Alley,2320,New South Wales,Australia,Target
8th grade,Edin,Patinkin,Account Executive,6 Milwaukee Hill,3015,Victoria,Australia,Target
8th grade,Nolly,Ivanchikov,Help Desk Operator,6792 Kropf Hill,2049,New South Wales,Australia,Target
8th grade,Michele,Pammenter,Teacher,37 Mesta Road,3198,Victoria,Australia,Target
8th grade,Liane,Abelevitz,Operator,85340 Hovde Way,3153,Victoria,Australia,Target
8th grade,Philbert,Bangs,Environmental Specialist,02643 Moose Court,4500,Queensland,Australia,Target
8th grade,Candy,,,59252 Maryland Drive,3500,Victoria,Australia,Target
8th grade,Noami,Cokly,,2886 Buena Vista Terrace,2038,New South Wales,Australia,Target
8th grade,Lyndell,Jereatt,Payment Adjustment Coordinator,58770 Monterey Plaza,2122,New South Wales,Australia,Target
8th grade,Maximilien,Bourget,Geologist I,2941 Loftsgordon Hill,3337,Victoria,Australia,Target
8th grade,Benedikta,Naptin,Operator,345 Fieldstone Park,2121,New South Wales,Australia,Target
8th grade,Rhodie,Gaskall,VP Quality Control,251 Pierstorff Alley,4170,Queensland,Australia,Target
8th grade,Afton,Andrassy,Web Designer II,220 Cody Alley,3075,Victoria,Australia,Target
8th grade,Blondell,Dibdall,Programmer III,34 Bunting Pass,3048,Victoria,Australia,Target
6th grade,Sonia,Dunstall,Accountant III,99 Park Meadow Hill,2570,New South Wales,Australia,Target
8th grade,Benedikt,Adamou,Recruiting Manager,4 Bluestem Pass,3564,Victoria,Australia,Target
8th grade,Don,Spratling,Associate Professor,078 Erie Point,2760,New South Wales,Australia,Target
8th grade,Moll,Ogilby,Research Assistant III,6 Hansons Crossing,4123,Queensland,Australia,Target
8th grade,Jammie,Seldner,Human Resources Manager,8 Saint Paul Junction,2066,New South Wales,Australia,Target
8th grade,Inglis,Pickaver,Product Engineer,14067 Armistice Plaza,2770,New South Wales,Australia,Target
8th grade,Clarabelle,Broschek,Geological Engineer,8491 Pennsylvania Crossing,4035,Queensland,Australia,Target
8th grade,Tillie,Bisseker,Civil Engineer,59208 Barnett Avenue,2104,New South Wales,Australia,Target
8th grade,Irving,Babcock,Dental Hygienist,36 Killdeer Crossing,2705,New South Wales,Australia,Target
6th grade,Evered,Gludor,Electrical Engineer,305 Sloan Junction,2168,New South Wales,Australia,Target
8th grade,Mavra,Finan,Nurse,88 Shopko Way,2034,New South Wales,Australia,Target
8th grade,Frieda,Tavinor,,7 Mallory Lane,3064,Victoria,Australia,Target
8th grade,Ellwood,Budden,,79907 Randy Center,2192,New South Wales,Australia,Target
8th grade,Alex,Patshull,Senior Quality Engineer,446 High Crossing Way,4165,Queensland,Australia,Target
8th grade,Aundrea,Outridge,Structural Engineer,1530 Columbus Lane,3186,Victoria,Australia,Target
8th grade,Amby,Bodega,Recruiter,669 Declaration Street,3810,Victoria,Australia,Target
8th grade,Esme,Pilipets,Environmental Tech,9 Ruskin Way,3228,Victoria,Australia,Target
8th grade,Beverly,Domnick,Structural Analysis Engineer,8 Burning Wood Junction,2232,New South Wales,Australia,Target
8th grade,Artemis,Swanson,Web Designer II,5 Melvin Park,3810,Victoria,Australia,Target
8th grade,Daryle,Marginson,Environmental Tech,21316 Ohio Place,2121,New South Wales,Australia,Target
8th grade,Tyne,Anshell,Mechanical Systems Engineer,93 Sutherland Terrace,2560,New South Wales,Australia,Target
8th grade,Leona,Shorrock,Senior Quality Engineer,1560 Grim Avenue,4720,Queensland,Australia,Target
8th grade,Bertrando,Carass,Sales Associate,1 Quincy Road,2565,New South Wales,Australia,Target
8th grade,Augusta,Munns,Quality Control Specialist,607 Memorial Avenue,2074,New South Wales,Australia,Target
8th grade,Pauline,Dallosso,Desktop Support Technician,9594 Badeau Street,2050,New South Wales,Australia,Target
8th grade,Lauralee,Fudge,Research Nurse,9460 Monument Park,3277,Victoria,Australia,Target
8th grade,Consalve,Ballay,Web Developer I,72 Village Terrace,2250,New South Wales,Australia,Target
8th grade,Lolly,Prewer,Geologist I,694 Coolidge Center,2620,New South Wales,Australia,Target
8th grade,Vyky,Pegg,Quality Control Specialist,31854 Anniversary Terrace,2322,New South Wales,Australia,Target
8th grade,Kellen,Pawelski,,125 Manufacturers Parkway,2193,New South Wales,Australia,Target
8th grade,Jermaine,Bagshawe,Help Desk Operator,260 Briar Crest Drive,4209,Queensland,Australia,Target
8th grade,Bryan,Jachtym,Automation Specialist I,56 Moland Crossing,3356,Victoria,Australia,Target
8th grade,Renie,Laundon,Assistant Media Planner,1 Shelley Pass,4118,Queensland,Australia,Target
8th grade,Weidar,Etheridge,Compensation Analyst,0535 Jay Point,2422,New South Wales,Australia,Target
8th grade,Datha,Fishburn,Office Assistant IV,6 Caliangt Way,3079,Victoria,Australia,Target
8th grade,Ferdinand,Romanetti,Paralegal,2 Sloan Way,2200,New South Wales,Australia,Target
8th grade,Burk,Wortley,Senior Sales Associate,04 Union Crossing,2196,New South Wales,Australia,Target
8th grade,Melloney,Temby,Budget/Accounting Analyst IV,33475 Fair Oaks Junction,4702,Queensland,Australia,Target
8th grade,Dickie,Cubbini,Financial Advisor,57666 Victoria Way,4215,Queensland,Australia,Target
8th grade,Sylas,Duffill,Staff Accountant IV,21875 Grover Drive,2010,New South Wales,Australia,Target